Date,future_calendar_active_promo_count,future_calendar_any_promo,future_calendar_avg_discount_value,future_calendar_max_discount_value,future_calendar_stackable_promo_count,future_calendar_has_stackable_promo,future_calendar_has_category_specific_promo,future_calendar_percentage_promo_count,future_calendar_fixed_promo_count,future_promo_avg_duration_days,future_promo_max_duration_days,future_promo_avg_day_number,future_promo_avg_days_remaining,future_promo_avg_progress_ratio,future_promo_is_first_3_days,future_promo_is_last_3_days,future_promo_is_first_7_days,future_promo_is_last_7_days,future_promotion_campaign_index
2023-01-01,0.0,0.0,0.0,0.0,0.0,0.0,0.0,0.0,0.0,0.0,0.0,0.0,0.0,0.0,0.0,0.0,0.0,0.0,0.0
2023-01-02,0.0,0.0,0.0,0.0,0.0,0.0,0.0,0.0,0.0,0.0,0.0,0.0,0.0,0.0,0.0,0.0,0.0,0.0,0.0
2023-01-03,0.0,0.0,0.0,0.0,0.0,0.0,0.0,0.0,0.0,0.0,0.0,0.0,0.0,0.0,0.0,0.0,0.0,0.0,0.0
2023-01-04,0.0,0.0,0.0,0.0,0.0,0.0,0.0,0.0,0.0,0.0,0.0,0.0,0.0,0.0,0.0,0.0,0.0,0.0,0.0
2023-01-05,0.0,0.0,0.0,0.0,0.0,0.0,0.0,0.0,0.0,0.0,0.0,0.0,0.0,0.0,0.0,0.0,0.0,0.0,0.0
2023-01-06,0.0,0.0,0.0,0.0,0.0,0.0,0.0,0.0,0.0,0.0,0.0,0.0,0.0,0.0,0.0,0.0,0.0,0.0,0.0
2023-01-07,0.0,0.0,0.0,0.0,0.0,0.0,0.0,0.0,0.0,0.0,0.0,0.0,0.0,0.0,0.0,0.0,0.0,0.0,0.0
2023-01-08,0.0,0.0,0.0,0.0,0.0,0.0,0.0,0.0,0.0,0.0,0.0,0.0,0.0,0.0,0.0,0.0,0.0,0.0,0.0
2023-01-09,0.0,0.0,0.0,0.0,0.0,0.0,0.0,0.0,0.0,0.0,0.0,0.0,0.0,0.0,0.0,0.0,0.0,0.0,0.0
2023-01-10,0.0,0.0,0.0,0.0,0.0,0.0,0.0,0.0,0.0,0.0,0.0,0.0,0.0,0.0,0.0,0.0,0.0,0.0,0.0
2023-01-11,0.0,0.0,0.0,0.0,0.0,0.0,0.0,0.0,0.0,0.0,0.0,0.0,0.0,0.0,0.0,0.0,0.0,0.0,0.0
2023-01-12,0.0,0.0,0.0,0.0,0.0,0.0,0.0,0.0,0.0,0.0,0.0,0.0,0.0,0.0,0.0,0.0,0.0,0.0,0.0
2023-01-13,0.0,0.0,0.0,0.0,0.0,0.0,0.0,0.0,0.0,0.0,0.0,0.0,0.0,0.0,0.0,0.0,0.0,0.0,0.0
2023-01-14,0.0,0.0,0.0,0.0,0.0,0.0,0.0,0.0,0.0,0.0,0.0,0.0,0.0,0.0,0.0,0.0,0.0,0.0,0.0
2023-01-15,0.0,0.0,0.0,0.0,0.0,0.0,0.0,0.0,0.0,0.0,0.0,0.0,0.0,0.0,0.0,0.0,0.0,0.0,0.0
2023-01-16,0.0,0.0,0.0,0.0,0.0,0.0,0.0,0.0,0.0,0.0,0.0,0.0,0.0,0.0,0.0,0.0,0.0,0.0,0.0
2023-01-17,0.0,0.0,0.0,0.0,0.0,0.0,0.0,0.0,0.0,0.0,0.0,0.0,0.0,0.0,0.0,0.0,0.0,0.0,0.0
2023-01-18,0.0,0.0,0.0,0.0,0.0,0.0,0.0,0.0,0.0,0.0,0.0,0.0,0.0,0.0,0.0,0.0,0.0,0.0,0.0
2023-01-19,0.0,0.0,0.0,0.0,0.0,0.0,0.0,0.0,0.0,0.0,0.0,0.0,0.0,0.0,0.0,0.0,0.0,0.0,0.0
2023-01-20,0.0,0.0,0.0,0.0,0.0,0.0,0.0,0.0,0.0,0.0,0.0,0.0,0.0,0.0,0.0,0.0,0.0,0.0,0.0
2023-01-21,0.0,0.0,0.0,0.0,0.0,0.0,0.0,0.0,0.0,0.0,0.0,0.0,0.0,0.0,0.0,0.0,0.0,0.0,0.0
2023-01-22,0.0,0.0,0.0,0.0,0.0,0.0,0.0,0.0,0.0,0.0,0.0,0.0,0.0,0.0,0.0,0.0,0.0,0.0,0.0
2023-01-23,0.0,0.0,0.0,0.0,0.0,0.0,0.0,0.0,0.0,0.0,0.0,0.0,0.0,0.0,0.0,0.0,0.0,0.0,0.0
2023-01-24,0.0,0.0,0.0,0.0,0.0,0.0,0.0,0.0,0.0,0.0,0.0,0.0,0.0,0.0,0.0,0.0,0.0,0.0,0.0
2023-01-25,0.0,0.0,0.0,0.0,0.0,0.0,0.0,0.0,0.0,0.0,0.0,0.0,0.0,0.0,0.0,0.0,0.0,0.0,0.0
2023-01-26,0.0,0.0,0.0,0.0,0.0,0.0,0.0,0.0,0.0,0.0,0.0,0.0,0.0,0.0,0.0,0.0,0.0,0.0,0.0
2023-01-27,0.0,0.0,0.0,0.0,0.0,0.0,0.0,0.0,0.0,0.0,0.0,0.0,0.0,0.0,0.0,0.0,0.0,0.0,0.0
2023-01-28,0.0,0.0,0.0,0.0,0.0,0.0,0.0,0.0,0.0,0.0,0.0,0.0,0.0,0.0,0.0,0.0,0.0,0.0,0.0
2023-01-29,0.0,0.0,0.0,0.0,0.0,0.0,0.0,0.0,0.0,0.0,0.0,0.0,0.0,0.0,0.0,0.0,0.0,0.0,0.0
2023-01-30,1.0,1.0,15.0,15.0,0.0,0.0,1.0,1.0,0.0,31.0,31.0,1.0,30.0,0.03225806451612903,1.0,0.0,1.0,0.0,1.0
2023-01-31,1.0,1.0,15.0,15.0,0.0,0.0,1.0,1.0,0.0,31.0,31.0,2.0,29.0,0.06451612903225806,1.0,0.0,1.0,0.0,1.0
2023-02-01,1.0,1.0,15.0,15.0,0.0,0.0,1.0,1.0,0.0,31.0,31.0,3.0,28.0,0.0967741935483871,1.0,0.0,1.0,0.0,1.0
2023-02-02,1.0,1.0,15.0,15.0,0.0,0.0,1.0,1.0,0.0,31.0,31.0,4.0,27.0,0.12903225806451613,0.0,0.0,1.0,0.0,1.0
2023-02-03,1.0,1.0,15.0,15.0,0.0,0.0,1.0,1.0,0.0,31.0,31.0,5.0,26.0,0.16129032258064516,0.0,0.0,1.0,0.0,1.0
2023-02-04,1.0,1.0,15.0,15.0,0.0,0.0,1.0,1.0,0.0,31.0,31.0,6.0,25.0,0.1935483870967742,0.0,0.0,1.0,0.0,1.0
2023-02-05,1.0,1.0,15.0,15.0,0.0,0.0,1.0,1.0,0.0,31.0,31.0,7.0,24.0,0.22580645161290322,0.0,0.0,1.0,0.0,1.0
2023-02-06,1.0,1.0,15.0,15.0,0.0,0.0,1.0,1.0,0.0,31.0,31.0,8.0,23.0,0.25806451612903225,0.0,0.0,0.0,0.0,1.0
2023-02-07,1.0,1.0,15.0,15.0,0.0,0.0,1.0,1.0,0.0,31.0,31.0,9.0,22.0,0.2903225806451613,0.0,0.0,0.0,0.0,1.0
2023-02-08,1.0,1.0,15.0,15.0,0.0,0.0,1.0,1.0,0.0,31.0,31.0,10.0,21.0,0.3225806451612903,0.0,0.0,0.0,0.0,1.0
2023-02-09,1.0,1.0,15.0,15.0,0.0,0.0,1.0,1.0,0.0,31.0,31.0,11.0,20.0,0.3548387096774194,0.0,0.0,0.0,0.0,1.0
2023-02-10,1.0,1.0,15.0,15.0,0.0,0.0,1.0,1.0,0.0,31.0,31.0,12.0,19.0,0.3870967741935484,0.0,0.0,0.0,0.0,1.0
2023-02-11,1.0,1.0,15.0,15.0,0.0,0.0,1.0,1.0,0.0,31.0,31.0,13.0,18.0,0.41935483870967744,0.0,0.0,0.0,0.0,1.0
2023-02-12,1.0,1.0,15.0,15.0,0.0,0.0,1.0,1.0,0.0,31.0,31.0,14.0,17.0,0.45161290322580644,0.0,0.0,0.0,0.0,1.0
2023-02-13,1.0,1.0,15.0,15.0,0.0,0.0,1.0,1.0,0.0,31.0,31.0,15.0,16.0,0.4838709677419355,0.0,0.0,0.0,0.0,1.0
2023-02-14,1.0,1.0,15.0,15.0,0.0,0.0,1.0,1.0,0.0,31.0,31.0,16.0,15.0,0.5161290322580645,0.0,0.0,0.0,0.0,1.0
2023-02-15,1.0,1.0,15.0,15.0,0.0,0.0,1.0,1.0,0.0,31.0,31.0,17.0,14.0,0.5483870967741935,0.0,0.0,0.0,0.0,1.0
2023-02-16,1.0,1.0,15.0,15.0,0.0,0.0,1.0,1.0,0.0,31.0,31.0,18.0,13.0,0.5806451612903226,0.0,0.0,0.0,0.0,1.0
2023-02-17,1.0,1.0,15.0,15.0,0.0,0.0,1.0,1.0,0.0,31.0,31.0,19.0,12.0,0.6129032258064516,0.0,0.0,0.0,0.0,1.0
2023-02-18,1.0,1.0,15.0,15.0,0.0,0.0,1.0,1.0,0.0,31.0,31.0,20.0,11.0,0.6451612903225806,0.0,0.0,0.0,0.0,1.0
2023-02-19,1.0,1.0,15.0,15.0,0.0,0.0,1.0,1.0,0.0,31.0,31.0,21.0,10.0,0.6774193548387096,0.0,0.0,0.0,0.0,1.0
2023-02-20,1.0,1.0,15.0,15.0,0.0,0.0,1.0,1.0,0.0,31.0,31.0,22.0,9.0,0.7096774193548387,0.0,0.0,0.0,0.0,1.0
2023-02-21,1.0,1.0,15.0,15.0,0.0,0.0,1.0,1.0,0.0,31.0,31.0,23.0,8.0,0.7419354838709677,0.0,0.0,0.0,0.0,1.0
2023-02-22,1.0,1.0,15.0,15.0,0.0,0.0,1.0,1.0,0.0,31.0,31.0,24.0,7.0,0.7741935483870968,0.0,0.0,0.0,0.0,1.0
2023-02-23,1.0,1.0,15.0,15.0,0.0,0.0,1.0,1.0,0.0,31.0,31.0,25.0,6.0,0.8064516129032258,0.0,0.0,0.0,1.0,1.0
2023-02-24,1.0,1.0,15.0,15.0,0.0,0.0,1.0,1.0,0.0,31.0,31.0,26.0,5.0,0.8387096774193549,0.0,0.0,0.0,1.0,1.0
2023-02-25,1.0,1.0,15.0,15.0,0.0,0.0,1.0,1.0,0.0,31.0,31.0,27.0,4.0,0.8709677419354839,0.0,0.0,0.0,1.0,1.0
2023-02-26,1.0,1.0,15.0,15.0,0.0,0.0,1.0,1.0,0.0,31.0,31.0,28.0,3.0,0.9032258064516129,0.0,0.0,0.0,1.0,1.0
2023-02-27,1.0,1.0,15.0,15.0,0.0,0.0,1.0,1.0,0.0,31.0,31.0,29.0,2.0,0.9354838709677419,0.0,1.0,0.0,1.0,1.0
2023-02-28,1.0,1.0,15.0,15.0,0.0,0.0,1.0,1.0,0.0,31.0,31.0,30.0,1.0,0.967741935483871,0.0,1.0,0.0,1.0,1.0
2023-03-01,1.0,1.0,15.0,15.0,0.0,0.0,1.0,1.0,0.0,31.0,31.0,31.0,0.0,1.0,0.0,1.0,0.0,1.0,1.0
2023-03-02,0.0,0.0,0.0,0.0,0.0,0.0,0.0,0.0,0.0,0.0,0.0,0.0,0.0,0.0,0.0,0.0,0.0,0.0,0.0
2023-03-03,0.0,0.0,0.0,0.0,0.0,0.0,0.0,0.0,0.0,0.0,0.0,0.0,0.0,0.0,0.0,0.0,0.0,0.0,0.0
2023-03-04,0.0,0.0,0.0,0.0,0.0,0.0,0.0,0.0,0.0,0.0,0.0,0.0,0.0,0.0,0.0,0.0,0.0,0.0,0.0
2023-03-05,0.0,0.0,0.0,0.0,0.0,0.0,0.0,0.0,0.0,0.0,0.0,0.0,0.0,0.0,0.0,0.0,0.0,0.0,0.0
2023-03-06,0.0,0.0,0.0,0.0,0.0,0.0,0.0,0.0,0.0,0.0,0.0,0.0,0.0,0.0,0.0,0.0,0.0,0.0,0.0
2023-03-07,0.0,0.0,0.0,0.0,0.0,0.0,0.0,0.0,0.0,0.0,0.0,0.0,0.0,0.0,0.0,0.0,0.0,0.0,0.0
2023-03-08,0.0,0.0,0.0,0.0,0.0,0.0,0.0,0.0,0.0,0.0,0.0,0.0,0.0,0.0,0.0,0.0,0.0,0.0,0.0
2023-03-09,0.0,0.0,0.0,0.0,0.0,0.0,0.0,0.0,0.0,0.0,0.0,0.0,0.0,0.0,0.0,0.0,0.0,0.0,0.0
2023-03-10,0.0,0.0,0.0,0.0,0.0,0.0,0.0,0.0,0.0,0.0,0.0,0.0,0.0,0.0,0.0,0.0,0.0,0.0,0.0
2023-03-11,0.0,0.0,0.0,0.0,0.0,0.0,0.0,0.0,0.0,0.0,0.0,0.0,0.0,0.0,0.0,0.0,0.0,0.0,0.0
2023-03-12,0.0,0.0,0.0,0.0,0.0,0.0,0.0,0.0,0.0,0.0,0.0,0.0,0.0,0.0,0.0,0.0,0.0,0.0,0.0
2023-03-13,0.0,0.0,0.0,0.0,0.0,0.0,0.0,0.0,0.0,0.0,0.0,0.0,0.0,0.0,0.0,0.0,0.0,0.0,0.0
2023-03-14,0.0,0.0,0.0,0.0,0.0,0.0,0.0,0.0,0.0,0.0,0.0,0.0,0.0,0.0,0.0,0.0,0.0,0.0,0.0
2023-03-15,0.0,0.0,0.0,0.0,0.0,0.0,0.0,0.0,0.0,0.0,0.0,0.0,0.0,0.0,0.0,0.0,0.0,0.0,0.0
2023-03-16,0.0,0.0,0.0,0.0,0.0,0.0,0.0,0.0,0.0,0.0,0.0,0.0,0.0,0.0,0.0,0.0,0.0,0.0,0.0
2023-03-17,0.0,0.0,0.0,0.0,0.0,0.0,0.0,0.0,0.0,0.0,0.0,0.0,0.0,0.0,0.0,0.0,0.0,0.0,0.0
2023-03-18,1.0,1.0,12.0,12.0,1.0,1.0,0.0,1.0,0.0,31.0,31.0,1.0,30.0,0.03225806451612903,1.0,0.0,1.0,0.0,2.0
2023-03-19,1.0,1.0,12.0,12.0,1.0,1.0,0.0,1.0,0.0,31.0,31.0,2.0,29.0,0.06451612903225806,1.0,0.0,1.0,0.0,2.0
2023-03-20,1.0,1.0,12.0,12.0,1.0,1.0,0.0,1.0,0.0,31.0,31.0,3.0,28.0,0.0967741935483871,1.0,0.0,1.0,0.0,2.0
2023-03-21,1.0,1.0,12.0,12.0,1.0,1.0,0.0,1.0,0.0,31.0,31.0,4.0,27.0,0.12903225806451613,0.0,0.0,1.0,0.0,2.0
2023-03-22,1.0,1.0,12.0,12.0,1.0,1.0,0.0,1.0,0.0,31.0,31.0,5.0,26.0,0.16129032258064516,0.0,0.0,1.0,0.0,2.0
2023-03-23,1.0,1.0,12.0,12.0,1.0,1.0,0.0,1.0,0.0,31.0,31.0,6.0,25.0,0.1935483870967742,0.0,0.0,1.0,0.0,2.0
2023-03-24,1.0,1.0,12.0,12.0,1.0,1.0,0.0,1.0,0.0,31.0,31.0,7.0,24.0,0.22580645161290322,0.0,0.0,1.0,0.0,2.0
2023-03-25,1.0,1.0,12.0,12.0,1.0,1.0,0.0,1.0,0.0,31.0,31.0,8.0,23.0,0.25806451612903225,0.0,0.0,0.0,0.0,2.0
2023-03-26,1.0,1.0,12.0,12.0,1.0,1.0,0.0,1.0,0.0,31.0,31.0,9.0,22.0,0.2903225806451613,0.0,0.0,0.0,0.0,2.0
2023-03-27,1.0,1.0,12.0,12.0,1.0,1.0,0.0,1.0,0.0,31.0,31.0,10.0,21.0,0.3225806451612903,0.0,0.0,0.0,0.0,2.0
2023-03-28,1.0,1.0,12.0,12.0,1.0,1.0,0.0,1.0,0.0,31.0,31.0,11.0,20.0,0.3548387096774194,0.0,0.0,0.0,0.0,2.0
2023-03-29,1.0,1.0,12.0,12.0,1.0,1.0,0.0,1.0,0.0,31.0,31.0,12.0,19.0,0.3870967741935484,0.0,0.0,0.0,0.0,2.0
2023-03-30,1.0,1.0,12.0,12.0,1.0,1.0,0.0,1.0,0.0,31.0,31.0,13.0,18.0,0.41935483870967744,0.0,0.0,0.0,0.0,2.0
2023-03-31,1.0,1.0,12.0,12.0,1.0,1.0,0.0,1.0,0.0,31.0,31.0,14.0,17.0,0.45161290322580644,0.0,0.0,0.0,0.0,2.0
2023-04-01,1.0,1.0,12.0,12.0,1.0,1.0,0.0,1.0,0.0,31.0,31.0,15.0,16.0,0.4838709677419355,0.0,0.0,0.0,0.0,2.0
2023-04-02,1.0,1.0,12.0,12.0,1.0,1.0,0.0,1.0,0.0,31.0,31.0,16.0,15.0,0.5161290322580645,0.0,0.0,0.0,0.0,2.0
2023-04-03,1.0,1.0,12.0,12.0,1.0,1.0,0.0,1.0,0.0,31.0,31.0,17.0,14.0,0.5483870967741935,0.0,0.0,0.0,0.0,2.0
2023-04-04,1.0,1.0,12.0,12.0,1.0,1.0,0.0,1.0,0.0,31.0,31.0,18.0,13.0,0.5806451612903226,0.0,0.0,0.0,0.0,2.0
2023-04-05,1.0,1.0,12.0,12.0,1.0,1.0,0.0,1.0,0.0,31.0,31.0,19.0,12.0,0.6129032258064516,0.0,0.0,0.0,0.0,2.0
2023-04-06,1.0,1.0,12.0,12.0,1.0,1.0,0.0,1.0,0.0,31.0,31.0,20.0,11.0,0.6451612903225806,0.0,0.0,0.0,0.0,2.0
2023-04-07,1.0,1.0,12.0,12.0,1.0,1.0,0.0,1.0,0.0,31.0,31.0,21.0,10.0,0.6774193548387096,0.0,0.0,0.0,0.0,2.0
2023-04-08,1.0,1.0,12.0,12.0,1.0,1.0,0.0,1.0,0.0,31.0,31.0,22.0,9.0,0.7096774193548387,0.0,0.0,0.0,0.0,2.0
2023-04-09,1.0,1.0,12.0,12.0,1.0,1.0,0.0,1.0,0.0,31.0,31.0,23.0,8.0,0.7419354838709677,0.0,0.0,0.0,0.0,2.0
2023-04-10,1.0,1.0,12.0,12.0,1.0,1.0,0.0,1.0,0.0,31.0,31.0,24.0,7.0,0.7741935483870968,0.0,0.0,0.0,0.0,2.0
2023-04-11,1.0,1.0,12.0,12.0,1.0,1.0,0.0,1.0,0.0,31.0,31.0,25.0,6.0,0.8064516129032258,0.0,0.0,0.0,1.0,2.0
2023-04-12,1.0,1.0,12.0,12.0,1.0,1.0,0.0,1.0,0.0,31.0,31.0,26.0,5.0,0.8387096774193549,0.0,0.0,0.0,1.0,2.0
2023-04-13,1.0,1.0,12.0,12.0,1.0,1.0,0.0,1.0,0.0,31.0,31.0,27.0,4.0,0.8709677419354839,0.0,0.0,0.0,1.0,2.0
2023-04-14,1.0,1.0,12.0,12.0,1.0,1.0,0.0,1.0,0.0,31.0,31.0,28.0,3.0,0.9032258064516129,0.0,0.0,0.0,1.0,2.0
2023-04-15,1.0,1.0,12.0,12.0,1.0,1.0,0.0,1.0,0.0,31.0,31.0,29.0,2.0,0.9354838709677419,0.0,1.0,0.0,1.0,2.0
2023-04-16,1.0,1.0,12.0,12.0,1.0,1.0,0.0,1.0,0.0,31.0,31.0,30.0,1.0,0.967741935483871,0.0,1.0,0.0,1.0,2.0
2023-04-17,1.0,1.0,12.0,12.0,1.0,1.0,0.0,1.0,0.0,31.0,31.0,31.0,0.0,1.0,0.0,1.0,0.0,1.0,2.0
2023-04-18,0.0,0.0,0.0,0.0,0.0,0.0,0.0,0.0,0.0,0.0,0.0,0.0,0.0,0.0,0.0,0.0,0.0,0.0,0.0
2023-04-19,0.0,0.0,0.0,0.0,0.0,0.0,0.0,0.0,0.0,0.0,0.0,0.0,0.0,0.0,0.0,0.0,0.0,0.0,0.0
2023-04-20,0.0,0.0,0.0,0.0,0.0,0.0,0.0,0.0,0.0,0.0,0.0,0.0,0.0,0.0,0.0,0.0,0.0,0.0,0.0
2023-04-21,0.0,0.0,0.0,0.0,0.0,0.0,0.0,0.0,0.0,0.0,0.0,0.0,0.0,0.0,0.0,0.0,0.0,0.0,0.0
2023-04-22,0.0,0.0,0.0,0.0,0.0,0.0,0.0,0.0,0.0,0.0,0.0,0.0,0.0,0.0,0.0,0.0,0.0,0.0,0.0
2023-04-23,0.0,0.0,0.0,0.0,0.0,0.0,0.0,0.0,0.0,0.0,0.0,0.0,0.0,0.0,0.0,0.0,0.0,0.0,0.0
2023-04-24,0.0,0.0,0.0,0.0,0.0,0.0,0.0,0.0,0.0,0.0,0.0,0.0,0.0,0.0,0.0,0.0,0.0,0.0,0.0
2023-04-25,0.0,0.0,0.0,0.0,0.0,0.0,0.0,0.0,0.0,0.0,0.0,0.0,0.0,0.0,0.0,0.0,0.0,0.0,0.0
2023-04-26,0.0,0.0,0.0,0.0,0.0,0.0,0.0,0.0,0.0,0.0,0.0,0.0,0.0,0.0,0.0,0.0,0.0,0.0,0.0
2023-04-27,0.0,0.0,0.0,0.0,0.0,0.0,0.0,0.0,0.0,0.0,0.0,0.0,0.0,0.0,0.0,0.0,0.0,0.0,0.0
2023-04-28,0.0,0.0,0.0,0.0,0.0,0.0,0.0,0.0,0.0,0.0,0.0,0.0,0.0,0.0,0.0,0.0,0.0,0.0,0.0
2023-04-29,0.0,0.0,0.0,0.0,0.0,0.0,0.0,0.0,0.0,0.0,0.0,0.0,0.0,0.0,0.0,0.0,0.0,0.0,0.0
2023-04-30,0.0,0.0,0.0,0.0,0.0,0.0,0.0,0.0,0.0,0.0,0.0,0.0,0.0,0.0,0.0,0.0,0.0,0.0,0.0
2023-05-01,0.0,0.0,0.0,0.0,0.0,0.0,0.0,0.0,0.0,0.0,0.0,0.0,0.0,0.0,0.0,0.0,0.0,0.0,0.0
2023-05-02,0.0,0.0,0.0,0.0,0.0,0.0,0.0,0.0,0.0,0.0,0.0,0.0,0.0,0.0,0.0,0.0,0.0,0.0,0.0
2023-05-03,0.0,0.0,0.0,0.0,0.0,0.0,0.0,0.0,0.0,0.0,0.0,0.0,0.0,0.0,0.0,0.0,0.0,0.0,0.0
2023-05-04,0.0,0.0,0.0,0.0,0.0,0.0,0.0,0.0,0.0,0.0,0.0,0.0,0.0,0.0,0.0,0.0,0.0,0.0,0.0
2023-05-05,0.0,0.0,0.0,0.0,0.0,0.0,0.0,0.0,0.0,0.0,0.0,0.0,0.0,0.0,0.0,0.0,0.0,0.0,0.0
2023-05-06,0.0,0.0,0.0,0.0,0.0,0.0,0.0,0.0,0.0,0.0,0.0,0.0,0.0,0.0,0.0,0.0,0.0,0.0,0.0
2023-05-07,0.0,0.0,0.0,0.0,0.0,0.0,0.0,0.0,0.0,0.0,0.0,0.0,0.0,0.0,0.0,0.0,0.0,0.0,0.0
2023-05-08,0.0,0.0,0.0,0.0,0.0,0.0,0.0,0.0,0.0,0.0,0.0,0.0,0.0,0.0,0.0,0.0,0.0,0.0,0.0
2023-05-09,0.0,0.0,0.0,0.0,0.0,0.0,0.0,0.0,0.0,0.0,0.0,0.0,0.0,0.0,0.0,0.0,0.0,0.0,0.0
2023-05-10,0.0,0.0,0.0,0.0,0.0,0.0,0.0,0.0,0.0,0.0,0.0,0.0,0.0,0.0,0.0,0.0,0.0,0.0,0.0
2023-05-11,0.0,0.0,0.0,0.0,0.0,0.0,0.0,0.0,0.0,0.0,0.0,0.0,0.0,0.0,0.0,0.0,0.0,0.0,0.0
2023-05-12,0.0,0.0,0.0,0.0,0.0,0.0,0.0,0.0,0.0,0.0,0.0,0.0,0.0,0.0,0.0,0.0,0.0,0.0,0.0
2023-05-13,0.0,0.0,0.0,0.0,0.0,0.0,0.0,0.0,0.0,0.0,0.0,0.0,0.0,0.0,0.0,0.0,0.0,0.0,0.0
2023-05-14,0.0,0.0,0.0,0.0,0.0,0.0,0.0,0.0,0.0,0.0,0.0,0.0,0.0,0.0,0.0,0.0,0.0,0.0,0.0
2023-05-15,0.0,0.0,0.0,0.0,0.0,0.0,0.0,0.0,0.0,0.0,0.0,0.0,0.0,0.0,0.0,0.0,0.0,0.0,0.0
2023-05-16,0.0,0.0,0.0,0.0,0.0,0.0,0.0,0.0,0.0,0.0,0.0,0.0,0.0,0.0,0.0,0.0,0.0,0.0,0.0
2023-05-17,0.0,0.0,0.0,0.0,0.0,0.0,0.0,0.0,0.0,0.0,0.0,0.0,0.0,0.0,0.0,0.0,0.0,0.0,0.0
2023-05-18,0.0,0.0,0.0,0.0,0.0,0.0,0.0,0.0,0.0,0.0,0.0,0.0,0.0,0.0,0.0,0.0,0.0,0.0,0.0
2023-05-19,0.0,0.0,0.0,0.0,0.0,0.0,0.0,0.0,0.0,0.0,0.0,0.0,0.0,0.0,0.0,0.0,0.0,0.0,0.0
2023-05-20,0.0,0.0,0.0,0.0,0.0,0.0,0.0,0.0,0.0,0.0,0.0,0.0,0.0,0.0,0.0,0.0,0.0,0.0,0.0
2023-05-21,0.0,0.0,0.0,0.0,0.0,0.0,0.0,0.0,0.0,0.0,0.0,0.0,0.0,0.0,0.0,0.0,0.0,0.0,0.0
2023-05-22,0.0,0.0,0.0,0.0,0.0,0.0,0.0,0.0,0.0,0.0,0.0,0.0,0.0,0.0,0.0,0.0,0.0,0.0,0.0
2023-05-23,0.0,0.0,0.0,0.0,0.0,0.0,0.0,0.0,0.0,0.0,0.0,0.0,0.0,0.0,0.0,0.0,0.0,0.0,0.0
2023-05-24,0.0,0.0,0.0,0.0,0.0,0.0,0.0,0.0,0.0,0.0,0.0,0.0,0.0,0.0,0.0,0.0,0.0,0.0,0.0
2023-05-25,0.0,0.0,0.0,0.0,0.0,0.0,0.0,0.0,0.0,0.0,0.0,0.0,0.0,0.0,0.0,0.0,0.0,0.0,0.0
2023-05-26,0.0,0.0,0.0,0.0,0.0,0.0,0.0,0.0,0.0,0.0,0.0,0.0,0.0,0.0,0.0,0.0,0.0,0.0,0.0
2023-05-27,0.0,0.0,0.0,0.0,0.0,0.0,0.0,0.0,0.0,0.0,0.0,0.0,0.0,0.0,0.0,0.0,0.0,0.0,0.0
2023-05-28,0.0,0.0,0.0,0.0,0.0,0.0,0.0,0.0,0.0,0.0,0.0,0.0,0.0,0.0,0.0,0.0,0.0,0.0,0.0
2023-05-29,0.0,0.0,0.0,0.0,0.0,0.0,0.0,0.0,0.0,0.0,0.0,0.0,0.0,0.0,0.0,0.0,0.0,0.0,0.0
2023-05-30,0.0,0.0,0.0,0.0,0.0,0.0,0.0,0.0,0.0,0.0,0.0,0.0,0.0,0.0,0.0,0.0,0.0,0.0,0.0
2023-05-31,0.0,0.0,0.0,0.0,0.0,0.0,0.0,0.0,0.0,0.0,0.0,0.0,0.0,0.0,0.0,0.0,0.0,0.0,0.0
2023-06-01,0.0,0.0,0.0,0.0,0.0,0.0,0.0,0.0,0.0,0.0,0.0,0.0,0.0,0.0,0.0,0.0,0.0,0.0,0.0
2023-06-02,0.0,0.0,0.0,0.0,0.0,0.0,0.0,0.0,0.0,0.0,0.0,0.0,0.0,0.0,0.0,0.0,0.0,0.0,0.0
2023-06-03,0.0,0.0,0.0,0.0,0.0,0.0,0.0,0.0,0.0,0.0,0.0,0.0,0.0,0.0,0.0,0.0,0.0,0.0,0.0
2023-06-04,0.0,0.0,0.0,0.0,0.0,0.0,0.0,0.0,0.0,0.0,0.0,0.0,0.0,0.0,0.0,0.0,0.0,0.0,0.0
2023-06-05,0.0,0.0,0.0,0.0,0.0,0.0,0.0,0.0,0.0,0.0,0.0,0.0,0.0,0.0,0.0,0.0,0.0,0.0,0.0
2023-06-06,0.0,0.0,0.0,0.0,0.0,0.0,0.0,0.0,0.0,0.0,0.0,0.0,0.0,0.0,0.0,0.0,0.0,0.0,0.0
2023-06-07,0.0,0.0,0.0,0.0,0.0,0.0,0.0,0.0,0.0,0.0,0.0,0.0,0.0,0.0,0.0,0.0,0.0,0.0,0.0
2023-06-08,0.0,0.0,0.0,0.0,0.0,0.0,0.0,0.0,0.0,0.0,0.0,0.0,0.0,0.0,0.0,0.0,0.0,0.0,0.0
2023-06-09,0.0,0.0,0.0,0.0,0.0,0.0,0.0,0.0,0.0,0.0,0.0,0.0,0.0,0.0,0.0,0.0,0.0,0.0,0.0
2023-06-10,0.0,0.0,0.0,0.0,0.0,0.0,0.0,0.0,0.0,0.0,0.0,0.0,0.0,0.0,0.0,0.0,0.0,0.0,0.0
2023-06-11,0.0,0.0,0.0,0.0,0.0,0.0,0.0,0.0,0.0,0.0,0.0,0.0,0.0,0.0,0.0,0.0,0.0,0.0,0.0
2023-06-12,0.0,0.0,0.0,0.0,0.0,0.0,0.0,0.0,0.0,0.0,0.0,0.0,0.0,0.0,0.0,0.0,0.0,0.0,0.0
2023-06-13,0.0,0.0,0.0,0.0,0.0,0.0,0.0,0.0,0.0,0.0,0.0,0.0,0.0,0.0,0.0,0.0,0.0,0.0,0.0
2023-06-14,0.0,0.0,0.0,0.0,0.0,0.0,0.0,0.0,0.0,0.0,0.0,0.0,0.0,0.0,0.0,0.0,0.0,0.0,0.0
2023-06-15,0.0,0.0,0.0,0.0,0.0,0.0,0.0,0.0,0.0,0.0,0.0,0.0,0.0,0.0,0.0,0.0,0.0,0.0,0.0
2023-06-16,0.0,0.0,0.0,0.0,0.0,0.0,0.0,0.0,0.0,0.0,0.0,0.0,0.0,0.0,0.0,0.0,0.0,0.0,0.0
2023-06-17,0.0,0.0,0.0,0.0,0.0,0.0,0.0,0.0,0.0,0.0,0.0,0.0,0.0,0.0,0.0,0.0,0.0,0.0,0.0
2023-06-18,0.0,0.0,0.0,0.0,0.0,0.0,0.0,0.0,0.0,0.0,0.0,0.0,0.0,0.0,0.0,0.0,0.0,0.0,0.0
2023-06-19,0.0,0.0,0.0,0.0,0.0,0.0,0.0,0.0,0.0,0.0,0.0,0.0,0.0,0.0,0.0,0.0,0.0,0.0,0.0
2023-06-20,0.0,0.0,0.0,0.0,0.0,0.0,0.0,0.0,0.0,0.0,0.0,0.0,0.0,0.0,0.0,0.0,0.0,0.0,0.0
2023-06-21,0.0,0.0,0.0,0.0,0.0,0.0,0.0,0.0,0.0,0.0,0.0,0.0,0.0,0.0,0.0,0.0,0.0,0.0,0.0
2023-06-22,0.0,0.0,0.0,0.0,0.0,0.0,0.0,0.0,0.0,0.0,0.0,0.0,0.0,0.0,0.0,0.0,0.0,0.0,0.0
2023-06-23,1.0,1.0,18.0,18.0,1.0,1.0,0.0,1.0,0.0,30.0,30.0,1.0,29.0,0.03333333333333333,1.0,0.0,1.0,0.0,3.0
2023-06-24,1.0,1.0,18.0,18.0,1.0,1.0,0.0,1.0,0.0,30.0,30.0,2.0,28.0,0.06666666666666667,1.0,0.0,1.0,0.0,3.0
2023-06-25,1.0,1.0,18.0,18.0,1.0,1.0,0.0,1.0,0.0,30.0,30.0,3.0,27.0,0.1,1.0,0.0,1.0,0.0,3.0
2023-06-26,1.0,1.0,18.0,18.0,1.0,1.0,0.0,1.0,0.0,30.0,30.0,4.0,26.0,0.13333333333333333,0.0,0.0,1.0,0.0,3.0
2023-06-27,1.0,1.0,18.0,18.0,1.0,1.0,0.0,1.0,0.0,30.0,30.0,5.0,25.0,0.16666666666666666,0.0,0.0,1.0,0.0,3.0
2023-06-28,1.0,1.0,18.0,18.0,1.0,1.0,0.0,1.0,0.0,30.0,30.0,6.0,24.0,0.2,0.0,0.0,1.0,0.0,3.0
2023-06-29,1.0,1.0,18.0,18.0,1.0,1.0,0.0,1.0,0.0,30.0,30.0,7.0,23.0,0.23333333333333334,0.0,0.0,1.0,0.0,3.0
2023-06-30,1.0,1.0,18.0,18.0,1.0,1.0,0.0,1.0,0.0,30.0,30.0,8.0,22.0,0.26666666666666666,0.0,0.0,0.0,0.0,3.0
2023-07-01,1.0,1.0,18.0,18.0,1.0,1.0,0.0,1.0,0.0,30.0,30.0,9.0,21.0,0.3,0.0,0.0,0.0,0.0,3.0
2023-07-02,1.0,1.0,18.0,18.0,1.0,1.0,0.0,1.0,0.0,30.0,30.0,10.0,20.0,0.3333333333333333,0.0,0.0,0.0,0.0,3.0
2023-07-03,1.0,1.0,18.0,18.0,1.0,1.0,0.0,1.0,0.0,30.0,30.0,11.0,19.0,0.36666666666666664,0.0,0.0,0.0,0.0,3.0
2023-07-04,1.0,1.0,18.0,18.0,1.0,1.0,0.0,1.0,0.0,30.0,30.0,12.0,18.0,0.4,0.0,0.0,0.0,0.0,3.0
2023-07-05,1.0,1.0,18.0,18.0,1.0,1.0,0.0,1.0,0.0,30.0,30.0,13.0,17.0,0.43333333333333335,0.0,0.0,0.0,0.0,3.0
2023-07-06,1.0,1.0,18.0,18.0,1.0,1.0,0.0,1.0,0.0,30.0,30.0,14.0,16.0,0.4666666666666667,0.0,0.0,0.0,0.0,3.0
2023-07-07,1.0,1.0,18.0,18.0,1.0,1.0,0.0,1.0,0.0,30.0,30.0,15.0,15.0,0.5,0.0,0.0,0.0,0.0,3.0
2023-07-08,1.0,1.0,18.0,18.0,1.0,1.0,0.0,1.0,0.0,30.0,30.0,16.0,14.0,0.5333333333333333,0.0,0.0,0.0,0.0,3.0
2023-07-09,1.0,1.0,18.0,18.0,1.0,1.0,0.0,1.0,0.0,30.0,30.0,17.0,13.0,0.5666666666666667,0.0,0.0,0.0,0.0,3.0
2023-07-10,1.0,1.0,18.0,18.0,1.0,1.0,0.0,1.0,0.0,30.0,30.0,18.0,12.0,0.6,0.0,0.0,0.0,0.0,3.0
2023-07-11,1.0,1.0,18.0,18.0,1.0,1.0,0.0,1.0,0.0,30.0,30.0,19.0,11.0,0.6333333333333333,0.0,0.0,0.0,0.0,3.0
2023-07-12,1.0,1.0,18.0,18.0,1.0,1.0,0.0,1.0,0.0,30.0,30.0,20.0,10.0,0.6666666666666666,0.0,0.0,0.0,0.0,3.0
2023-07-13,1.0,1.0,18.0,18.0,1.0,1.0,0.0,1.0,0.0,30.0,30.0,21.0,9.0,0.7,0.0,0.0,0.0,0.0,3.0
2023-07-14,1.0,1.0,18.0,18.0,1.0,1.0,0.0,1.0,0.0,30.0,30.0,22.0,8.0,0.7333333333333333,0.0,0.0,0.0,0.0,3.0
2023-07-15,1.0,1.0,18.0,18.0,1.0,1.0,0.0,1.0,0.0,30.0,30.0,23.0,7.0,0.7666666666666667,0.0,0.0,0.0,0.0,3.0
2023-07-16,1.0,1.0,18.0,18.0,1.0,1.0,0.0,1.0,0.0,30.0,30.0,24.0,6.0,0.8,0.0,0.0,0.0,1.0,3.0
2023-07-17,1.0,1.0,18.0,18.0,1.0,1.0,0.0,1.0,0.0,30.0,30.0,25.0,5.0,0.8333333333333334,0.0,0.0,0.0,1.0,3.0
2023-07-18,1.0,1.0,18.0,18.0,1.0,1.0,0.0,1.0,0.0,30.0,30.0,26.0,4.0,0.8666666666666667,0.0,0.0,0.0,1.0,3.0
2023-07-19,1.0,1.0,18.0,18.0,1.0,1.0,0.0,1.0,0.0,30.0,30.0,27.0,3.0,0.9,0.0,0.0,0.0,1.0,3.0
2023-07-20,1.0,1.0,18.0,18.0,1.0,1.0,0.0,1.0,0.0,30.0,30.0,28.0,2.0,0.9333333333333333,0.0,1.0,0.0,1.0,3.0
2023-07-21,1.0,1.0,18.0,18.0,1.0,1.0,0.0,1.0,0.0,30.0,30.0,29.0,1.0,0.9666666666666667,0.0,1.0,0.0,1.0,3.0
2023-07-22,1.0,1.0,18.0,18.0,1.0,1.0,0.0,1.0,0.0,30.0,30.0,30.0,0.0,1.0,0.0,1.0,0.0,1.0,3.0
2023-07-23,0.0,0.0,0.0,0.0,0.0,0.0,0.0,0.0,0.0,0.0,0.0,0.0,0.0,0.0,0.0,0.0,0.0,0.0,0.0
2023-07-24,0.0,0.0,0.0,0.0,0.0,0.0,0.0,0.0,0.0,0.0,0.0,0.0,0.0,0.0,0.0,0.0,0.0,0.0,0.0
2023-07-25,0.0,0.0,0.0,0.0,0.0,0.0,0.0,0.0,0.0,0.0,0.0,0.0,0.0,0.0,0.0,0.0,0.0,0.0,0.0
2023-07-26,0.0,0.0,0.0,0.0,0.0,0.0,0.0,0.0,0.0,0.0,0.0,0.0,0.0,0.0,0.0,0.0,0.0,0.0,0.0
2023-07-27,0.0,0.0,0.0,0.0,0.0,0.0,0.0,0.0,0.0,0.0,0.0,0.0,0.0,0.0,0.0,0.0,0.0,0.0,0.0
2023-07-28,0.0,0.0,0.0,0.0,0.0,0.0,0.0,0.0,0.0,0.0,0.0,0.0,0.0,0.0,0.0,0.0,0.0,0.0,0.0
2023-07-29,0.0,0.0,0.0,0.0,0.0,0.0,0.0,0.0,0.0,0.0,0.0,0.0,0.0,0.0,0.0,0.0,0.0,0.0,0.0
2023-07-30,1.0,1.0,50.0,50.0,0.0,0.0,1.0,0.0,1.0,35.0,35.0,1.0,34.0,0.02857142857142857,1.0,0.0,1.0,0.0,4.0
2023-07-31,1.0,1.0,50.0,50.0,0.0,0.0,1.0,0.0,1.0,35.0,35.0,2.0,33.0,0.05714285714285714,1.0,0.0,1.0,0.0,4.0
2023-08-01,1.0,1.0,50.0,50.0,0.0,0.0,1.0,0.0,1.0,35.0,35.0,3.0,32.0,0.08571428571428572,1.0,0.0,1.0,0.0,4.0
2023-08-02,1.0,1.0,50.0,50.0,0.0,0.0,1.0,0.0,1.0,35.0,35.0,4.0,31.0,0.11428571428571428,0.0,0.0,1.0,0.0,4.0
2023-08-03,1.0,1.0,50.0,50.0,0.0,0.0,1.0,0.0,1.0,35.0,35.0,5.0,30.0,0.14285714285714285,0.0,0.0,1.0,0.0,4.0
2023-08-04,1.0,1.0,50.0,50.0,0.0,0.0,1.0,0.0,1.0,35.0,35.0,6.0,29.0,0.17142857142857143,0.0,0.0,1.0,0.0,4.0
2023-08-05,1.0,1.0,50.0,50.0,0.0,0.0,1.0,0.0,1.0,35.0,35.0,7.0,28.0,0.2,0.0,0.0,1.0,0.0,4.0
2023-08-06,1.0,1.0,50.0,50.0,0.0,0.0,1.0,0.0,1.0,35.0,35.0,8.0,27.0,0.22857142857142856,0.0,0.0,0.0,0.0,4.0
2023-08-07,1.0,1.0,50.0,50.0,0.0,0.0,1.0,0.0,1.0,35.0,35.0,9.0,26.0,0.2571428571428571,0.0,0.0,0.0,0.0,4.0
2023-08-08,1.0,1.0,50.0,50.0,0.0,0.0,1.0,0.0,1.0,35.0,35.0,10.0,25.0,0.2857142857142857,0.0,0.0,0.0,0.0,4.0
2023-08-09,1.0,1.0,50.0,50.0,0.0,0.0,1.0,0.0,1.0,35.0,35.0,11.0,24.0,0.3142857142857143,0.0,0.0,0.0,0.0,4.0
2023-08-10,1.0,1.0,50.0,50.0,0.0,0.0,1.0,0.0,1.0,35.0,35.0,12.0,23.0,0.34285714285714286,0.0,0.0,0.0,0.0,4.0
2023-08-11,1.0,1.0,50.0,50.0,0.0,0.0,1.0,0.0,1.0,35.0,35.0,13.0,22.0,0.37142857142857144,0.0,0.0,0.0,0.0,4.0
2023-08-12,1.0,1.0,50.0,50.0,0.0,0.0,1.0,0.0,1.0,35.0,35.0,14.0,21.0,0.4,0.0,0.0,0.0,0.0,4.0
2023-08-13,1.0,1.0,50.0,50.0,0.0,0.0,1.0,0.0,1.0,35.0,35.0,15.0,20.0,0.42857142857142855,0.0,0.0,0.0,0.0,4.0
2023-08-14,1.0,1.0,50.0,50.0,0.0,0.0,1.0,0.0,1.0,35.0,35.0,16.0,19.0,0.45714285714285713,0.0,0.0,0.0,0.0,4.0
2023-08-15,1.0,1.0,50.0,50.0,0.0,0.0,1.0,0.0,1.0,35.0,35.0,17.0,18.0,0.4857142857142857,0.0,0.0,0.0,0.0,4.0
2023-08-16,1.0,1.0,50.0,50.0,0.0,0.0,1.0,0.0,1.0,35.0,35.0,18.0,17.0,0.5142857142857142,0.0,0.0,0.0,0.0,4.0
2023-08-17,1.0,1.0,50.0,50.0,0.0,0.0,1.0,0.0,1.0,35.0,35.0,19.0,16.0,0.5428571428571428,0.0,0.0,0.0,0.0,4.0
2023-08-18,1.0,1.0,50.0,50.0,0.0,0.0,1.0,0.0,1.0,35.0,35.0,20.0,15.0,0.5714285714285714,0.0,0.0,0.0,0.0,4.0
2023-08-19,1.0,1.0,50.0,50.0,0.0,0.0,1.0,0.0,1.0,35.0,35.0,21.0,14.0,0.6,0.0,0.0,0.0,0.0,4.0
2023-08-20,1.0,1.0,50.0,50.0,0.0,0.0,1.0,0.0,1.0,35.0,35.0,22.0,13.0,0.6285714285714286,0.0,0.0,0.0,0.0,4.0
2023-08-21,1.0,1.0,50.0,50.0,0.0,0.0,1.0,0.0,1.0,35.0,35.0,23.0,12.0,0.6571428571428571,0.0,0.0,0.0,0.0,4.0
2023-08-22,1.0,1.0,50.0,50.0,0.0,0.0,1.0,0.0,1.0,35.0,35.0,24.0,11.0,0.6857142857142857,0.0,0.0,0.0,0.0,4.0
2023-08-23,1.0,1.0,50.0,50.0,0.0,0.0,1.0,0.0,1.0,35.0,35.0,25.0,10.0,0.7142857142857143,0.0,0.0,0.0,0.0,4.0
2023-08-24,1.0,1.0,50.0,50.0,0.0,0.0,1.0,0.0,1.0,35.0,35.0,26.0,9.0,0.7428571428571429,0.0,0.0,0.0,0.0,4.0
2023-08-25,1.0,1.0,50.0,50.0,0.0,0.0,1.0,0.0,1.0,35.0,35.0,27.0,8.0,0.7714285714285715,0.0,0.0,0.0,0.0,4.0
2023-08-26,1.0,1.0,50.0,50.0,0.0,0.0,1.0,0.0,1.0,35.0,35.0,28.0,7.0,0.8,0.0,0.0,0.0,0.0,4.0
2023-08-27,1.0,1.0,50.0,50.0,0.0,0.0,1.0,0.0,1.0,35.0,35.0,29.0,6.0,0.8285714285714286,0.0,0.0,0.0,1.0,4.0
2023-08-28,1.0,1.0,50.0,50.0,0.0,0.0,1.0,0.0,1.0,35.0,35.0,30.0,5.0,0.8571428571428571,0.0,0.0,0.0,1.0,4.0
2023-08-29,1.0,1.0,50.0,50.0,0.0,0.0,1.0,0.0,1.0,35.0,35.0,31.0,4.0,0.8857142857142857,0.0,0.0,0.0,1.0,4.0
2023-08-30,2.0,1.0,30.0,50.0,0.0,0.0,1.0,1.0,1.0,34.5,35.0,16.5,18.0,0.4718487394957983,1.0,0.0,1.0,1.0,5.0
2023-08-31,2.0,1.0,30.0,50.0,0.0,0.0,1.0,1.0,1.0,34.5,35.0,17.5,17.0,0.5008403361344538,1.0,1.0,1.0,1.0,5.0
2023-09-01,2.0,1.0,30.0,50.0,0.0,0.0,1.0,1.0,1.0,34.5,35.0,18.5,16.0,0.5298319327731092,1.0,1.0,1.0,1.0,5.0
2023-09-02,2.0,1.0,30.0,50.0,0.0,0.0,1.0,1.0,1.0,34.5,35.0,19.5,15.0,0.5588235294117647,0.0,1.0,1.0,1.0,5.0
2023-09-03,1.0,1.0,10.0,10.0,0.0,0.0,0.0,1.0,0.0,34.0,34.0,5.0,29.0,0.14705882352941177,0.0,0.0,1.0,0.0,5.0
2023-09-04,1.0,1.0,10.0,10.0,0.0,0.0,0.0,1.0,0.0,34.0,34.0,6.0,28.0,0.17647058823529413,0.0,0.0,1.0,0.0,5.0
2023-09-05,1.0,1.0,10.0,10.0,0.0,0.0,0.0,1.0,0.0,34.0,34.0,7.0,27.0,0.20588235294117646,0.0,0.0,1.0,0.0,5.0
2023-09-06,1.0,1.0,10.0,10.0,0.0,0.0,0.0,1.0,0.0,34.0,34.0,8.0,26.0,0.23529411764705882,0.0,0.0,0.0,0.0,5.0
2023-09-07,1.0,1.0,10.0,10.0,0.0,0.0,0.0,1.0,0.0,34.0,34.0,9.0,25.0,0.2647058823529412,0.0,0.0,0.0,0.0,5.0
2023-09-08,1.0,1.0,10.0,10.0,0.0,0.0,0.0,1.0,0.0,34.0,34.0,10.0,24.0,0.29411764705882354,0.0,0.0,0.0,0.0,5.0
2023-09-09,1.0,1.0,10.0,10.0,0.0,0.0,0.0,1.0,0.0,34.0,34.0,11.0,23.0,0.3235294117647059,0.0,0.0,0.0,0.0,5.0
2023-09-10,1.0,1.0,10.0,10.0,0.0,0.0,0.0,1.0,0.0,34.0,34.0,12.0,22.0,0.35294117647058826,0.0,0.0,0.0,0.0,5.0
2023-09-11,1.0,1.0,10.0,10.0,0.0,0.0,0.0,1.0,0.0,34.0,34.0,13.0,21.0,0.38235294117647056,0.0,0.0,0.0,0.0,5.0
2023-09-12,1.0,1.0,10.0,10.0,0.0,0.0,0.0,1.0,0.0,34.0,34.0,14.0,20.0,0.4117647058823529,0.0,0.0,0.0,0.0,5.0
2023-09-13,1.0,1.0,10.0,10.0,0.0,0.0,0.0,1.0,0.0,34.0,34.0,15.0,19.0,0.4411764705882353,0.0,0.0,0.0,0.0,5.0
2023-09-14,1.0,1.0,10.0,10.0,0.0,0.0,0.0,1.0,0.0,34.0,34.0,16.0,18.0,0.47058823529411764,0.0,0.0,0.0,0.0,5.0
2023-09-15,1.0,1.0,10.0,10.0,0.0,0.0,0.0,1.0,0.0,34.0,34.0,17.0,17.0,0.5,0.0,0.0,0.0,0.0,5.0
2023-09-16,1.0,1.0,10.0,10.0,0.0,0.0,0.0,1.0,0.0,34.0,34.0,18.0,16.0,0.5294117647058824,0.0,0.0,0.0,0.0,5.0
2023-09-17,1.0,1.0,10.0,10.0,0.0,0.0,0.0,1.0,0.0,34.0,34.0,19.0,15.0,0.5588235294117647,0.0,0.0,0.0,0.0,5.0
2023-09-18,1.0,1.0,10.0,10.0,0.0,0.0,0.0,1.0,0.0,34.0,34.0,20.0,14.0,0.5882352941176471,0.0,0.0,0.0,0.0,5.0
2023-09-19,1.0,1.0,10.0,10.0,0.0,0.0,0.0,1.0,0.0,34.0,34.0,21.0,13.0,0.6176470588235294,0.0,0.0,0.0,0.0,5.0
2023-09-20,1.0,1.0,10.0,10.0,0.0,0.0,0.0,1.0,0.0,34.0,34.0,22.0,12.0,0.6470588235294118,0.0,0.0,0.0,0.0,5.0
2023-09-21,1.0,1.0,10.0,10.0,0.0,0.0,0.0,1.0,0.0,34.0,34.0,23.0,11.0,0.6764705882352942,0.0,0.0,0.0,0.0,5.0
2023-09-22,1.0,1.0,10.0,10.0,0.0,0.0,0.0,1.0,0.0,34.0,34.0,24.0,10.0,0.7058823529411765,0.0,0.0,0.0,0.0,5.0
2023-09-23,1.0,1.0,10.0,10.0,0.0,0.0,0.0,1.0,0.0,34.0,34.0,25.0,9.0,0.7352941176470589,0.0,0.0,0.0,0.0,5.0
2023-09-24,1.0,1.0,10.0,10.0,0.0,0.0,0.0,1.0,0.0,34.0,34.0,26.0,8.0,0.7647058823529411,0.0,0.0,0.0,0.0,5.0
2023-09-25,1.0,1.0,10.0,10.0,0.0,0.0,0.0,1.0,0.0,34.0,34.0,27.0,7.0,0.7941176470588235,0.0,0.0,0.0,0.0,5.0
2023-09-26,1.0,1.0,10.0,10.0,0.0,0.0,0.0,1.0,0.0,34.0,34.0,28.0,6.0,0.8235294117647058,0.0,0.0,0.0,1.0,5.0
2023-09-27,1.0,1.0,10.0,10.0,0.0,0.0,0.0,1.0,0.0,34.0,34.0,29.0,5.0,0.8529411764705882,0.0,0.0,0.0,1.0,5.0
2023-09-28,1.0,1.0,10.0,10.0,0.0,0.0,0.0,1.0,0.0,34.0,34.0,30.0,4.0,0.8823529411764706,0.0,0.0,0.0,1.0,5.0
2023-09-29,1.0,1.0,10.0,10.0,0.0,0.0,0.0,1.0,0.0,34.0,34.0,31.0,3.0,0.9117647058823529,0.0,0.0,0.0,1.0,5.0
2023-09-30,1.0,1.0,10.0,10.0,0.0,0.0,0.0,1.0,0.0,34.0,34.0,32.0,2.0,0.9411764705882353,0.0,1.0,0.0,1.0,5.0
2023-10-01,1.0,1.0,10.0,10.0,0.0,0.0,0.0,1.0,0.0,34.0,34.0,33.0,1.0,0.9705882352941176,0.0,1.0,0.0,1.0,5.0
2023-10-02,1.0,1.0,10.0,10.0,0.0,0.0,0.0,1.0,0.0,34.0,34.0,34.0,0.0,1.0,0.0,1.0,0.0,1.0,5.0
2023-10-03,0.0,0.0,0.0,0.0,0.0,0.0,0.0,0.0,0.0,0.0,0.0,0.0,0.0,0.0,0.0,0.0,0.0,0.0,0.0
2023-10-04,0.0,0.0,0.0,0.0,0.0,0.0,0.0,0.0,0.0,0.0,0.0,0.0,0.0,0.0,0.0,0.0,0.0,0.0,0.0
2023-10-05,0.0,0.0,0.0,0.0,0.0,0.0,0.0,0.0,0.0,0.0,0.0,0.0,0.0,0.0,0.0,0.0,0.0,0.0,0.0
2023-10-06,0.0,0.0,0.0,0.0,0.0,0.0,0.0,0.0,0.0,0.0,0.0,0.0,0.0,0.0,0.0,0.0,0.0,0.0,0.0
2023-10-07,0.0,0.0,0.0,0.0,0.0,0.0,0.0,0.0,0.0,0.0,0.0,0.0,0.0,0.0,0.0,0.0,0.0,0.0,0.0
2023-10-08,0.0,0.0,0.0,0.0,0.0,0.0,0.0,0.0,0.0,0.0,0.0,0.0,0.0,0.0,0.0,0.0,0.0,0.0,0.0
2023-10-09,0.0,0.0,0.0,0.0,0.0,0.0,0.0,0.0,0.0,0.0,0.0,0.0,0.0,0.0,0.0,0.0,0.0,0.0,0.0
2023-10-10,0.0,0.0,0.0,0.0,0.0,0.0,0.0,0.0,0.0,0.0,0.0,0.0,0.0,0.0,0.0,0.0,0.0,0.0,0.0
2023-10-11,0.0,0.0,0.0,0.0,0.0,0.0,0.0,0.0,0.0,0.0,0.0,0.0,0.0,0.0,0.0,0.0,0.0,0.0,0.0
2023-10-12,0.0,0.0,0.0,0.0,0.0,0.0,0.0,0.0,0.0,0.0,0.0,0.0,0.0,0.0,0.0,0.0,0.0,0.0,0.0
2023-10-13,0.0,0.0,0.0,0.0,0.0,0.0,0.0,0.0,0.0,0.0,0.0,0.0,0.0,0.0,0.0,0.0,0.0,0.0,0.0
2023-10-14,0.0,0.0,0.0,0.0,0.0,0.0,0.0,0.0,0.0,0.0,0.0,0.0,0.0,0.0,0.0,0.0,0.0,0.0,0.0
2023-10-15,0.0,0.0,0.0,0.0,0.0,0.0,0.0,0.0,0.0,0.0,0.0,0.0,0.0,0.0,0.0,0.0,0.0,0.0,0.0
2023-10-16,0.0,0.0,0.0,0.0,0.0,0.0,0.0,0.0,0.0,0.0,0.0,0.0,0.0,0.0,0.0,0.0,0.0,0.0,0.0
2023-10-17,0.0,0.0,0.0,0.0,0.0,0.0,0.0,0.0,0.0,0.0,0.0,0.0,0.0,0.0,0.0,0.0,0.0,0.0,0.0
2023-10-18,0.0,0.0,0.0,0.0,0.0,0.0,0.0,0.0,0.0,0.0,0.0,0.0,0.0,0.0,0.0,0.0,0.0,0.0,0.0
2023-10-19,0.0,0.0,0.0,0.0,0.0,0.0,0.0,0.0,0.0,0.0,0.0,0.0,0.0,0.0,0.0,0.0,0.0,0.0,0.0
2023-10-20,0.0,0.0,0.0,0.0,0.0,0.0,0.0,0.0,0.0,0.0,0.0,0.0,0.0,0.0,0.0,0.0,0.0,0.0,0.0
2023-10-21,0.0,0.0,0.0,0.0,0.0,0.0,0.0,0.0,0.0,0.0,0.0,0.0,0.0,0.0,0.0,0.0,0.0,0.0,0.0
2023-10-22,0.0,0.0,0.0,0.0,0.0,0.0,0.0,0.0,0.0,0.0,0.0,0.0,0.0,0.0,0.0,0.0,0.0,0.0,0.0
2023-10-23,0.0,0.0,0.0,0.0,0.0,0.0,0.0,0.0,0.0,0.0,0.0,0.0,0.0,0.0,0.0,0.0,0.0,0.0,0.0
2023-10-24,0.0,0.0,0.0,0.0,0.0,0.0,0.0,0.0,0.0,0.0,0.0,0.0,0.0,0.0,0.0,0.0,0.0,0.0,0.0
2023-10-25,0.0,0.0,0.0,0.0,0.0,0.0,0.0,0.0,0.0,0.0,0.0,0.0,0.0,0.0,0.0,0.0,0.0,0.0,0.0
2023-10-26,0.0,0.0,0.0,0.0,0.0,0.0,0.0,0.0,0.0,0.0,0.0,0.0,0.0,0.0,0.0,0.0,0.0,0.0,0.0
2023-10-27,0.0,0.0,0.0,0.0,0.0,0.0,0.0,0.0,0.0,0.0,0.0,0.0,0.0,0.0,0.0,0.0,0.0,0.0,0.0
2023-10-28,0.0,0.0,0.0,0.0,0.0,0.0,0.0,0.0,0.0,0.0,0.0,0.0,0.0,0.0,0.0,0.0,0.0,0.0,0.0
2023-10-29,0.0,0.0,0.0,0.0,0.0,0.0,0.0,0.0,0.0,0.0,0.0,0.0,0.0,0.0,0.0,0.0,0.0,0.0,0.0
2023-10-30,0.0,0.0,0.0,0.0,0.0,0.0,0.0,0.0,0.0,0.0,0.0,0.0,0.0,0.0,0.0,0.0,0.0,0.0,0.0
2023-10-31,0.0,0.0,0.0,0.0,0.0,0.0,0.0,0.0,0.0,0.0,0.0,0.0,0.0,0.0,0.0,0.0,0.0,0.0,0.0
2023-11-01,0.0,0.0,0.0,0.0,0.0,0.0,0.0,0.0,0.0,0.0,0.0,0.0,0.0,0.0,0.0,0.0,0.0,0.0,0.0
2023-11-02,0.0,0.0,0.0,0.0,0.0,0.0,0.0,0.0,0.0,0.0,0.0,0.0,0.0,0.0,0.0,0.0,0.0,0.0,0.0
2023-11-03,0.0,0.0,0.0,0.0,0.0,0.0,0.0,0.0,0.0,0.0,0.0,0.0,0.0,0.0,0.0,0.0,0.0,0.0,0.0
2023-11-04,0.0,0.0,0.0,0.0,0.0,0.0,0.0,0.0,0.0,0.0,0.0,0.0,0.0,0.0,0.0,0.0,0.0,0.0,0.0
2023-11-05,0.0,0.0,0.0,0.0,0.0,0.0,0.0,0.0,0.0,0.0,0.0,0.0,0.0,0.0,0.0,0.0,0.0,0.0,0.0
2023-11-06,0.0,0.0,0.0,0.0,0.0,0.0,0.0,0.0,0.0,0.0,0.0,0.0,0.0,0.0,0.0,0.0,0.0,0.0,0.0
2023-11-07,0.0,0.0,0.0,0.0,0.0,0.0,0.0,0.0,0.0,0.0,0.0,0.0,0.0,0.0,0.0,0.0,0.0,0.0,0.0
2023-11-08,0.0,0.0,0.0,0.0,0.0,0.0,0.0,0.0,0.0,0.0,0.0,0.0,0.0,0.0,0.0,0.0,0.0,0.0,0.0
2023-11-09,0.0,0.0,0.0,0.0,0.0,0.0,0.0,0.0,0.0,0.0,0.0,0.0,0.0,0.0,0.0,0.0,0.0,0.0,0.0
2023-11-10,0.0,0.0,0.0,0.0,0.0,0.0,0.0,0.0,0.0,0.0,0.0,0.0,0.0,0.0,0.0,0.0,0.0,0.0,0.0
2023-11-11,0.0,0.0,0.0,0.0,0.0,0.0,0.0,0.0,0.0,0.0,0.0,0.0,0.0,0.0,0.0,0.0,0.0,0.0,0.0
2023-11-12,0.0,0.0,0.0,0.0,0.0,0.0,0.0,0.0,0.0,0.0,0.0,0.0,0.0,0.0,0.0,0.0,0.0,0.0,0.0
2023-11-13,0.0,0.0,0.0,0.0,0.0,0.0,0.0,0.0,0.0,0.0,0.0,0.0,0.0,0.0,0.0,0.0,0.0,0.0,0.0
2023-11-14,0.0,0.0,0.0,0.0,0.0,0.0,0.0,0.0,0.0,0.0,0.0,0.0,0.0,0.0,0.0,0.0,0.0,0.0,0.0
2023-11-15,0.0,0.0,0.0,0.0,0.0,0.0,0.0,0.0,0.0,0.0,0.0,0.0,0.0,0.0,0.0,0.0,0.0,0.0,0.0
2023-11-16,0.0,0.0,0.0,0.0,0.0,0.0,0.0,0.0,0.0,0.0,0.0,0.0,0.0,0.0,0.0,0.0,0.0,0.0,0.0
2023-11-17,0.0,0.0,0.0,0.0,0.0,0.0,0.0,0.0,0.0,0.0,0.0,0.0,0.0,0.0,0.0,0.0,0.0,0.0,0.0
2023-11-18,1.0,1.0,20.0,20.0,1.0,1.0,0.0,1.0,0.0,46.0,46.0,1.0,45.0,0.021739130434782608,1.0,0.0,1.0,0.0,6.0
2023-11-19,1.0,1.0,20.0,20.0,1.0,1.0,0.0,1.0,0.0,46.0,46.0,2.0,44.0,0.043478260869565216,1.0,0.0,1.0,0.0,6.0
2023-11-20,1.0,1.0,20.0,20.0,1.0,1.0,0.0,1.0,0.0,46.0,46.0,3.0,43.0,0.06521739130434782,1.0,0.0,1.0,0.0,6.0
2023-11-21,1.0,1.0,20.0,20.0,1.0,1.0,0.0,1.0,0.0,46.0,46.0,4.0,42.0,0.08695652173913043,0.0,0.0,1.0,0.0,6.0
2023-11-22,1.0,1.0,20.0,20.0,1.0,1.0,0.0,1.0,0.0,46.0,46.0,5.0,41.0,0.10869565217391304,0.0,0.0,1.0,0.0,6.0
2023-11-23,1.0,1.0,20.0,20.0,1.0,1.0,0.0,1.0,0.0,46.0,46.0,6.0,40.0,0.13043478260869565,0.0,0.0,1.0,0.0,6.0
2023-11-24,1.0,1.0,20.0,20.0,1.0,1.0,0.0,1.0,0.0,46.0,46.0,7.0,39.0,0.15217391304347827,0.0,0.0,1.0,0.0,6.0
2023-11-25,1.0,1.0,20.0,20.0,1.0,1.0,0.0,1.0,0.0,46.0,46.0,8.0,38.0,0.17391304347826086,0.0,0.0,0.0,0.0,6.0
2023-11-26,1.0,1.0,20.0,20.0,1.0,1.0,0.0,1.0,0.0,46.0,46.0,9.0,37.0,0.1956521739130435,0.0,0.0,0.0,0.0,6.0
2023-11-27,1.0,1.0,20.0,20.0,1.0,1.0,0.0,1.0,0.0,46.0,46.0,10.0,36.0,0.21739130434782608,0.0,0.0,0.0,0.0,6.0
2023-11-28,1.0,1.0,20.0,20.0,1.0,1.0,0.0,1.0,0.0,46.0,46.0,11.0,35.0,0.2391304347826087,0.0,0.0,0.0,0.0,6.0
2023-11-29,1.0,1.0,20.0,20.0,1.0,1.0,0.0,1.0,0.0,46.0,46.0,12.0,34.0,0.2608695652173913,0.0,0.0,0.0,0.0,6.0
2023-11-30,1.0,1.0,20.0,20.0,1.0,1.0,0.0,1.0,0.0,46.0,46.0,13.0,33.0,0.2826086956521739,0.0,0.0,0.0,0.0,6.0
2023-12-01,1.0,1.0,20.0,20.0,1.0,1.0,0.0,1.0,0.0,46.0,46.0,14.0,32.0,0.30434782608695654,0.0,0.0,0.0,0.0,6.0
2023-12-02,1.0,1.0,20.0,20.0,1.0,1.0,0.0,1.0,0.0,46.0,46.0,15.0,31.0,0.32608695652173914,0.0,0.0,0.0,0.0,6.0
2023-12-03,1.0,1.0,20.0,20.0,1.0,1.0,0.0,1.0,0.0,46.0,46.0,16.0,30.0,0.34782608695652173,0.0,0.0,0.0,0.0,6.0
2023-12-04,1.0,1.0,20.0,20.0,1.0,1.0,0.0,1.0,0.0,46.0,46.0,17.0,29.0,0.3695652173913043,0.0,0.0,0.0,0.0,6.0
2023-12-05,1.0,1.0,20.0,20.0,1.0,1.0,0.0,1.0,0.0,46.0,46.0,18.0,28.0,0.391304347826087,0.0,0.0,0.0,0.0,6.0
2023-12-06,1.0,1.0,20.0,20.0,1.0,1.0,0.0,1.0,0.0,46.0,46.0,19.0,27.0,0.41304347826086957,0.0,0.0,0.0,0.0,6.0
2023-12-07,1.0,1.0,20.0,20.0,1.0,1.0,0.0,1.0,0.0,46.0,46.0,20.0,26.0,0.43478260869565216,0.0,0.0,0.0,0.0,6.0
2023-12-08,1.0,1.0,20.0,20.0,1.0,1.0,0.0,1.0,0.0,46.0,46.0,21.0,25.0,0.45652173913043476,0.0,0.0,0.0,0.0,6.0
2023-12-09,1.0,1.0,20.0,20.0,1.0,1.0,0.0,1.0,0.0,46.0,46.0,22.0,24.0,0.4782608695652174,0.0,0.0,0.0,0.0,6.0
2023-12-10,1.0,1.0,20.0,20.0,1.0,1.0,0.0,1.0,0.0,46.0,46.0,23.0,23.0,0.5,0.0,0.0,0.0,0.0,6.0
2023-12-11,1.0,1.0,20.0,20.0,1.0,1.0,0.0,1.0,0.0,46.0,46.0,24.0,22.0,0.5217391304347826,0.0,0.0,0.0,0.0,6.0
2023-12-12,1.0,1.0,20.0,20.0,1.0,1.0,0.0,1.0,0.0,46.0,46.0,25.0,21.0,0.5434782608695652,0.0,0.0,0.0,0.0,6.0
2023-12-13,1.0,1.0,20.0,20.0,1.0,1.0,0.0,1.0,0.0,46.0,46.0,26.0,20.0,0.5652173913043478,0.0,0.0,0.0,0.0,6.0
2023-12-14,1.0,1.0,20.0,20.0,1.0,1.0,0.0,1.0,0.0,46.0,46.0,27.0,19.0,0.5869565217391305,0.0,0.0,0.0,0.0,6.0
2023-12-15,1.0,1.0,20.0,20.0,1.0,1.0,0.0,1.0,0.0,46.0,46.0,28.0,18.0,0.6086956521739131,0.0,0.0,0.0,0.0,6.0
2023-12-16,1.0,1.0,20.0,20.0,1.0,1.0,0.0,1.0,0.0,46.0,46.0,29.0,17.0,0.6304347826086957,0.0,0.0,0.0,0.0,6.0
2023-12-17,1.0,1.0,20.0,20.0,1.0,1.0,0.0,1.0,0.0,46.0,46.0,30.0,16.0,0.6521739130434783,0.0,0.0,0.0,0.0,6.0
2023-12-18,1.0,1.0,20.0,20.0,1.0,1.0,0.0,1.0,0.0,46.0,46.0,31.0,15.0,0.6739130434782609,0.0,0.0,0.0,0.0,6.0
2023-12-19,1.0,1.0,20.0,20.0,1.0,1.0,0.0,1.0,0.0,46.0,46.0,32.0,14.0,0.6956521739130435,0.0,0.0,0.0,0.0,6.0
2023-12-20,1.0,1.0,20.0,20.0,1.0,1.0,0.0,1.0,0.0,46.0,46.0,33.0,13.0,0.717391304347826,0.0,0.0,0.0,0.0,6.0
2023-12-21,1.0,1.0,20.0,20.0,1.0,1.0,0.0,1.0,0.0,46.0,46.0,34.0,12.0,0.7391304347826086,0.0,0.0,0.0,0.0,6.0
2023-12-22,1.0,1.0,20.0,20.0,1.0,1.0,0.0,1.0,0.0,46.0,46.0,35.0,11.0,0.7608695652173914,0.0,0.0,0.0,0.0,6.0
2023-12-23,1.0,1.0,20.0,20.0,1.0,1.0,0.0,1.0,0.0,46.0,46.0,36.0,10.0,0.782608695652174,0.0,0.0,0.0,0.0,6.0
2023-12-24,1.0,1.0,20.0,20.0,1.0,1.0,0.0,1.0,0.0,46.0,46.0,37.0,9.0,0.8043478260869565,0.0,0.0,0.0,0.0,6.0
2023-12-25,1.0,1.0,20.0,20.0,1.0,1.0,0.0,1.0,0.0,46.0,46.0,38.0,8.0,0.8260869565217391,0.0,0.0,0.0,0.0,6.0
2023-12-26,1.0,1.0,20.0,20.0,1.0,1.0,0.0,1.0,0.0,46.0,46.0,39.0,7.0,0.8478260869565217,0.0,0.0,0.0,0.0,6.0
2023-12-27,1.0,1.0,20.0,20.0,1.0,1.0,0.0,1.0,0.0,46.0,46.0,40.0,6.0,0.8695652173913043,0.0,0.0,0.0,1.0,6.0
2023-12-28,1.0,1.0,20.0,20.0,1.0,1.0,0.0,1.0,0.0,46.0,46.0,41.0,5.0,0.8913043478260869,0.0,0.0,0.0,1.0,6.0
2023-12-29,1.0,1.0,20.0,20.0,1.0,1.0,0.0,1.0,0.0,46.0,46.0,42.0,4.0,0.9130434782608695,0.0,0.0,0.0,1.0,6.0
2023-12-30,1.0,1.0,20.0,20.0,1.0,1.0,0.0,1.0,0.0,46.0,46.0,43.0,3.0,0.9347826086956522,0.0,0.0,0.0,1.0,6.0
2023-12-31,1.0,1.0,20.0,20.0,1.0,1.0,0.0,1.0,0.0,46.0,46.0,44.0,2.0,0.9565217391304348,0.0,1.0,0.0,1.0,6.0
2024-01-01,1.0,1.0,20.0,20.0,1.0,1.0,0.0,1.0,0.0,46.0,46.0,45.0,1.0,0.9782608695652174,0.0,1.0,0.0,1.0,6.0
2024-01-02,1.0,1.0,20.0,20.0,1.0,1.0,0.0,1.0,0.0,46.0,46.0,46.0,0.0,1.0,0.0,1.0,0.0,1.0,6.0
2024-01-03,0.0,0.0,0.0,0.0,0.0,0.0,0.0,0.0,0.0,0.0,0.0,0.0,0.0,0.0,0.0,0.0,0.0,0.0,0.0
2024-01-04,0.0,0.0,0.0,0.0,0.0,0.0,0.0,0.0,0.0,0.0,0.0,0.0,0.0,0.0,0.0,0.0,0.0,0.0,0.0
2024-01-05,0.0,0.0,0.0,0.0,0.0,0.0,0.0,0.0,0.0,0.0,0.0,0.0,0.0,0.0,0.0,0.0,0.0,0.0,0.0
2024-01-06,0.0,0.0,0.0,0.0,0.0,0.0,0.0,0.0,0.0,0.0,0.0,0.0,0.0,0.0,0.0,0.0,0.0,0.0,0.0
2024-01-07,0.0,0.0,0.0,0.0,0.0,0.0,0.0,0.0,0.0,0.0,0.0,0.0,0.0,0.0,0.0,0.0,0.0,0.0,0.0
2024-01-08,0.0,0.0,0.0,0.0,0.0,0.0,0.0,0.0,0.0,0.0,0.0,0.0,0.0,0.0,0.0,0.0,0.0,0.0,0.0
2024-01-09,0.0,0.0,0.0,0.0,0.0,0.0,0.0,0.0,0.0,0.0,0.0,0.0,0.0,0.0,0.0,0.0,0.0,0.0,0.0
2024-01-10,0.0,0.0,0.0,0.0,0.0,0.0,0.0,0.0,0.0,0.0,0.0,0.0,0.0,0.0,0.0,0.0,0.0,0.0,0.0
2024-01-11,0.0,0.0,0.0,0.0,0.0,0.0,0.0,0.0,0.0,0.0,0.0,0.0,0.0,0.0,0.0,0.0,0.0,0.0,0.0
2024-01-12,0.0,0.0,0.0,0.0,0.0,0.0,0.0,0.0,0.0,0.0,0.0,0.0,0.0,0.0,0.0,0.0,0.0,0.0,0.0
2024-01-13,0.0,0.0,0.0,0.0,0.0,0.0,0.0,0.0,0.0,0.0,0.0,0.0,0.0,0.0,0.0,0.0,0.0,0.0,0.0
2024-01-14,0.0,0.0,0.0,0.0,0.0,0.0,0.0,0.0,0.0,0.0,0.0,0.0,0.0,0.0,0.0,0.0,0.0,0.0,0.0
2024-01-15,0.0,0.0,0.0,0.0,0.0,0.0,0.0,0.0,0.0,0.0,0.0,0.0,0.0,0.0,0.0,0.0,0.0,0.0,0.0
2024-01-16,0.0,0.0,0.0,0.0,0.0,0.0,0.0,0.0,0.0,0.0,0.0,0.0,0.0,0.0,0.0,0.0,0.0,0.0,0.0
2024-01-17,0.0,0.0,0.0,0.0,0.0,0.0,0.0,0.0,0.0,0.0,0.0,0.0,0.0,0.0,0.0,0.0,0.0,0.0,0.0
2024-01-18,0.0,0.0,0.0,0.0,0.0,0.0,0.0,0.0,0.0,0.0,0.0,0.0,0.0,0.0,0.0,0.0,0.0,0.0,0.0
2024-01-19,0.0,0.0,0.0,0.0,0.0,0.0,0.0,0.0,0.0,0.0,0.0,0.0,0.0,0.0,0.0,0.0,0.0,0.0,0.0
2024-01-20,0.0,0.0,0.0,0.0,0.0,0.0,0.0,0.0,0.0,0.0,0.0,0.0,0.0,0.0,0.0,0.0,0.0,0.0,0.0
2024-01-21,0.0,0.0,0.0,0.0,0.0,0.0,0.0,0.0,0.0,0.0,0.0,0.0,0.0,0.0,0.0,0.0,0.0,0.0,0.0
2024-01-22,0.0,0.0,0.0,0.0,0.0,0.0,0.0,0.0,0.0,0.0,0.0,0.0,0.0,0.0,0.0,0.0,0.0,0.0,0.0
2024-01-23,0.0,0.0,0.0,0.0,0.0,0.0,0.0,0.0,0.0,0.0,0.0,0.0,0.0,0.0,0.0,0.0,0.0,0.0,0.0
2024-01-24,0.0,0.0,0.0,0.0,0.0,0.0,0.0,0.0,0.0,0.0,0.0,0.0,0.0,0.0,0.0,0.0,0.0,0.0,0.0
2024-01-25,0.0,0.0,0.0,0.0,0.0,0.0,0.0,0.0,0.0,0.0,0.0,0.0,0.0,0.0,0.0,0.0,0.0,0.0,0.0
2024-01-26,0.0,0.0,0.0,0.0,0.0,0.0,0.0,0.0,0.0,0.0,0.0,0.0,0.0,0.0,0.0,0.0,0.0,0.0,0.0
2024-01-27,0.0,0.0,0.0,0.0,0.0,0.0,0.0,0.0,0.0,0.0,0.0,0.0,0.0,0.0,0.0,0.0,0.0,0.0,0.0
2024-01-28,0.0,0.0,0.0,0.0,0.0,0.0,0.0,0.0,0.0,0.0,0.0,0.0,0.0,0.0,0.0,0.0,0.0,0.0,0.0
2024-01-29,0.0,0.0,0.0,0.0,0.0,0.0,0.0,0.0,0.0,0.0,0.0,0.0,0.0,0.0,0.0,0.0,0.0,0.0,0.0
2024-01-30,0.0,0.0,0.0,0.0,0.0,0.0,0.0,0.0,0.0,0.0,0.0,0.0,0.0,0.0,0.0,0.0,0.0,0.0,0.0
2024-01-31,0.0,0.0,0.0,0.0,0.0,0.0,0.0,0.0,0.0,0.0,0.0,0.0,0.0,0.0,0.0,0.0,0.0,0.0,0.0
2024-02-01,0.0,0.0,0.0,0.0,0.0,0.0,0.0,0.0,0.0,0.0,0.0,0.0,0.0,0.0,0.0,0.0,0.0,0.0,0.0
2024-02-02,0.0,0.0,0.0,0.0,0.0,0.0,0.0,0.0,0.0,0.0,0.0,0.0,0.0,0.0,0.0,0.0,0.0,0.0,0.0
2024-02-03,0.0,0.0,0.0,0.0,0.0,0.0,0.0,0.0,0.0,0.0,0.0,0.0,0.0,0.0,0.0,0.0,0.0,0.0,0.0
2024-02-04,0.0,0.0,0.0,0.0,0.0,0.0,0.0,0.0,0.0,0.0,0.0,0.0,0.0,0.0,0.0,0.0,0.0,0.0,0.0
2024-02-05,0.0,0.0,0.0,0.0,0.0,0.0,0.0,0.0,0.0,0.0,0.0,0.0,0.0,0.0,0.0,0.0,0.0,0.0,0.0
2024-02-06,0.0,0.0,0.0,0.0,0.0,0.0,0.0,0.0,0.0,0.0,0.0,0.0,0.0,0.0,0.0,0.0,0.0,0.0,0.0
2024-02-07,0.0,0.0,0.0,0.0,0.0,0.0,0.0,0.0,0.0,0.0,0.0,0.0,0.0,0.0,0.0,0.0,0.0,0.0,0.0
2024-02-08,0.0,0.0,0.0,0.0,0.0,0.0,0.0,0.0,0.0,0.0,0.0,0.0,0.0,0.0,0.0,0.0,0.0,0.0,0.0
2024-02-09,0.0,0.0,0.0,0.0,0.0,0.0,0.0,0.0,0.0,0.0,0.0,0.0,0.0,0.0,0.0,0.0,0.0,0.0,0.0
2024-02-10,0.0,0.0,0.0,0.0,0.0,0.0,0.0,0.0,0.0,0.0,0.0,0.0,0.0,0.0,0.0,0.0,0.0,0.0,0.0
2024-02-11,0.0,0.0,0.0,0.0,0.0,0.0,0.0,0.0,0.0,0.0,0.0,0.0,0.0,0.0,0.0,0.0,0.0,0.0,0.0
2024-02-12,0.0,0.0,0.0,0.0,0.0,0.0,0.0,0.0,0.0,0.0,0.0,0.0,0.0,0.0,0.0,0.0,0.0,0.0,0.0
2024-02-13,0.0,0.0,0.0,0.0,0.0,0.0,0.0,0.0,0.0,0.0,0.0,0.0,0.0,0.0,0.0,0.0,0.0,0.0,0.0
2024-02-14,0.0,0.0,0.0,0.0,0.0,0.0,0.0,0.0,0.0,0.0,0.0,0.0,0.0,0.0,0.0,0.0,0.0,0.0,0.0
2024-02-15,0.0,0.0,0.0,0.0,0.0,0.0,0.0,0.0,0.0,0.0,0.0,0.0,0.0,0.0,0.0,0.0,0.0,0.0,0.0
2024-02-16,0.0,0.0,0.0,0.0,0.0,0.0,0.0,0.0,0.0,0.0,0.0,0.0,0.0,0.0,0.0,0.0,0.0,0.0,0.0
2024-02-17,0.0,0.0,0.0,0.0,0.0,0.0,0.0,0.0,0.0,0.0,0.0,0.0,0.0,0.0,0.0,0.0,0.0,0.0,0.0
2024-02-18,0.0,0.0,0.0,0.0,0.0,0.0,0.0,0.0,0.0,0.0,0.0,0.0,0.0,0.0,0.0,0.0,0.0,0.0,0.0
2024-02-19,0.0,0.0,0.0,0.0,0.0,0.0,0.0,0.0,0.0,0.0,0.0,0.0,0.0,0.0,0.0,0.0,0.0,0.0,0.0
2024-02-20,0.0,0.0,0.0,0.0,0.0,0.0,0.0,0.0,0.0,0.0,0.0,0.0,0.0,0.0,0.0,0.0,0.0,0.0,0.0
2024-02-21,0.0,0.0,0.0,0.0,0.0,0.0,0.0,0.0,0.0,0.0,0.0,0.0,0.0,0.0,0.0,0.0,0.0,0.0,0.0
2024-02-22,0.0,0.0,0.0,0.0,0.0,0.0,0.0,0.0,0.0,0.0,0.0,0.0,0.0,0.0,0.0,0.0,0.0,0.0,0.0
2024-02-23,0.0,0.0,0.0,0.0,0.0,0.0,0.0,0.0,0.0,0.0,0.0,0.0,0.0,0.0,0.0,0.0,0.0,0.0,0.0
2024-02-24,0.0,0.0,0.0,0.0,0.0,0.0,0.0,0.0,0.0,0.0,0.0,0.0,0.0,0.0,0.0,0.0,0.0,0.0,0.0
2024-02-25,0.0,0.0,0.0,0.0,0.0,0.0,0.0,0.0,0.0,0.0,0.0,0.0,0.0,0.0,0.0,0.0,0.0,0.0,0.0
2024-02-26,0.0,0.0,0.0,0.0,0.0,0.0,0.0,0.0,0.0,0.0,0.0,0.0,0.0,0.0,0.0,0.0,0.0,0.0,0.0
2024-02-27,0.0,0.0,0.0,0.0,0.0,0.0,0.0,0.0,0.0,0.0,0.0,0.0,0.0,0.0,0.0,0.0,0.0,0.0,0.0
2024-02-28,0.0,0.0,0.0,0.0,0.0,0.0,0.0,0.0,0.0,0.0,0.0,0.0,0.0,0.0,0.0,0.0,0.0,0.0,0.0
2024-02-29,0.0,0.0,0.0,0.0,0.0,0.0,0.0,0.0,0.0,0.0,0.0,0.0,0.0,0.0,0.0,0.0,0.0,0.0,0.0
2024-03-01,0.0,0.0,0.0,0.0,0.0,0.0,0.0,0.0,0.0,0.0,0.0,0.0,0.0,0.0,0.0,0.0,0.0,0.0,0.0
2024-03-02,0.0,0.0,0.0,0.0,0.0,0.0,0.0,0.0,0.0,0.0,0.0,0.0,0.0,0.0,0.0,0.0,0.0,0.0,0.0
2024-03-03,0.0,0.0,0.0,0.0,0.0,0.0,0.0,0.0,0.0,0.0,0.0,0.0,0.0,0.0,0.0,0.0,0.0,0.0,0.0
2024-03-04,0.0,0.0,0.0,0.0,0.0,0.0,0.0,0.0,0.0,0.0,0.0,0.0,0.0,0.0,0.0,0.0,0.0,0.0,0.0
2024-03-05,0.0,0.0,0.0,0.0,0.0,0.0,0.0,0.0,0.0,0.0,0.0,0.0,0.0,0.0,0.0,0.0,0.0,0.0,0.0
2024-03-06,0.0,0.0,0.0,0.0,0.0,0.0,0.0,0.0,0.0,0.0,0.0,0.0,0.0,0.0,0.0,0.0,0.0,0.0,0.0
2024-03-07,0.0,0.0,0.0,0.0,0.0,0.0,0.0,0.0,0.0,0.0,0.0,0.0,0.0,0.0,0.0,0.0,0.0,0.0,0.0
2024-03-08,0.0,0.0,0.0,0.0,0.0,0.0,0.0,0.0,0.0,0.0,0.0,0.0,0.0,0.0,0.0,0.0,0.0,0.0,0.0
2024-03-09,0.0,0.0,0.0,0.0,0.0,0.0,0.0,0.0,0.0,0.0,0.0,0.0,0.0,0.0,0.0,0.0,0.0,0.0,0.0
2024-03-10,0.0,0.0,0.0,0.0,0.0,0.0,0.0,0.0,0.0,0.0,0.0,0.0,0.0,0.0,0.0,0.0,0.0,0.0,0.0
2024-03-11,0.0,0.0,0.0,0.0,0.0,0.0,0.0,0.0,0.0,0.0,0.0,0.0,0.0,0.0,0.0,0.0,0.0,0.0,0.0
2024-03-12,0.0,0.0,0.0,0.0,0.0,0.0,0.0,0.0,0.0,0.0,0.0,0.0,0.0,0.0,0.0,0.0,0.0,0.0,0.0
2024-03-13,0.0,0.0,0.0,0.0,0.0,0.0,0.0,0.0,0.0,0.0,0.0,0.0,0.0,0.0,0.0,0.0,0.0,0.0,0.0
2024-03-14,0.0,0.0,0.0,0.0,0.0,0.0,0.0,0.0,0.0,0.0,0.0,0.0,0.0,0.0,0.0,0.0,0.0,0.0,0.0
2024-03-15,0.0,0.0,0.0,0.0,0.0,0.0,0.0,0.0,0.0,0.0,0.0,0.0,0.0,0.0,0.0,0.0,0.0,0.0,0.0
2024-03-16,0.0,0.0,0.0,0.0,0.0,0.0,0.0,0.0,0.0,0.0,0.0,0.0,0.0,0.0,0.0,0.0,0.0,0.0,0.0
2024-03-17,0.0,0.0,0.0,0.0,0.0,0.0,0.0,0.0,0.0,0.0,0.0,0.0,0.0,0.0,0.0,0.0,0.0,0.0,0.0
2024-03-18,1.0,1.0,12.0,12.0,1.0,1.0,0.0,1.0,0.0,31.0,31.0,1.0,30.0,0.03225806451612903,1.0,0.0,1.0,0.0,1.0
2024-03-19,1.0,1.0,12.0,12.0,1.0,1.0,0.0,1.0,0.0,31.0,31.0,2.0,29.0,0.06451612903225806,1.0,0.0,1.0,0.0,1.0
2024-03-20,1.0,1.0,12.0,12.0,1.0,1.0,0.0,1.0,0.0,31.0,31.0,3.0,28.0,0.0967741935483871,1.0,0.0,1.0,0.0,1.0
2024-03-21,1.0,1.0,12.0,12.0,1.0,1.0,0.0,1.0,0.0,31.0,31.0,4.0,27.0,0.12903225806451613,0.0,0.0,1.0,0.0,1.0
2024-03-22,1.0,1.0,12.0,12.0,1.0,1.0,0.0,1.0,0.0,31.0,31.0,5.0,26.0,0.16129032258064516,0.0,0.0,1.0,0.0,1.0
2024-03-23,1.0,1.0,12.0,12.0,1.0,1.0,0.0,1.0,0.0,31.0,31.0,6.0,25.0,0.1935483870967742,0.0,0.0,1.0,0.0,1.0
2024-03-24,1.0,1.0,12.0,12.0,1.0,1.0,0.0,1.0,0.0,31.0,31.0,7.0,24.0,0.22580645161290322,0.0,0.0,1.0,0.0,1.0
2024-03-25,1.0,1.0,12.0,12.0,1.0,1.0,0.0,1.0,0.0,31.0,31.0,8.0,23.0,0.25806451612903225,0.0,0.0,0.0,0.0,1.0
2024-03-26,1.0,1.0,12.0,12.0,1.0,1.0,0.0,1.0,0.0,31.0,31.0,9.0,22.0,0.2903225806451613,0.0,0.0,0.0,0.0,1.0
2024-03-27,1.0,1.0,12.0,12.0,1.0,1.0,0.0,1.0,0.0,31.0,31.0,10.0,21.0,0.3225806451612903,0.0,0.0,0.0,0.0,1.0
2024-03-28,1.0,1.0,12.0,12.0,1.0,1.0,0.0,1.0,0.0,31.0,31.0,11.0,20.0,0.3548387096774194,0.0,0.0,0.0,0.0,1.0
2024-03-29,1.0,1.0,12.0,12.0,1.0,1.0,0.0,1.0,0.0,31.0,31.0,12.0,19.0,0.3870967741935484,0.0,0.0,0.0,0.0,1.0
2024-03-30,1.0,1.0,12.0,12.0,1.0,1.0,0.0,1.0,0.0,31.0,31.0,13.0,18.0,0.41935483870967744,0.0,0.0,0.0,0.0,1.0
2024-03-31,1.0,1.0,12.0,12.0,1.0,1.0,0.0,1.0,0.0,31.0,31.0,14.0,17.0,0.45161290322580644,0.0,0.0,0.0,0.0,1.0
2024-04-01,1.0,1.0,12.0,12.0,1.0,1.0,0.0,1.0,0.0,31.0,31.0,15.0,16.0,0.4838709677419355,0.0,0.0,0.0,0.0,1.0
2024-04-02,1.0,1.0,12.0,12.0,1.0,1.0,0.0,1.0,0.0,31.0,31.0,16.0,15.0,0.5161290322580645,0.0,0.0,0.0,0.0,1.0
2024-04-03,1.0,1.0,12.0,12.0,1.0,1.0,0.0,1.0,0.0,31.0,31.0,17.0,14.0,0.5483870967741935,0.0,0.0,0.0,0.0,1.0
2024-04-04,1.0,1.0,12.0,12.0,1.0,1.0,0.0,1.0,0.0,31.0,31.0,18.0,13.0,0.5806451612903226,0.0,0.0,0.0,0.0,1.0
2024-04-05,1.0,1.0,12.0,12.0,1.0,1.0,0.0,1.0,0.0,31.0,31.0,19.0,12.0,0.6129032258064516,0.0,0.0,0.0,0.0,1.0
2024-04-06,1.0,1.0,12.0,12.0,1.0,1.0,0.0,1.0,0.0,31.0,31.0,20.0,11.0,0.6451612903225806,0.0,0.0,0.0,0.0,1.0
2024-04-07,1.0,1.0,12.0,12.0,1.0,1.0,0.0,1.0,0.0,31.0,31.0,21.0,10.0,0.6774193548387096,0.0,0.0,0.0,0.0,1.0
2024-04-08,1.0,1.0,12.0,12.0,1.0,1.0,0.0,1.0,0.0,31.0,31.0,22.0,9.0,0.7096774193548387,0.0,0.0,0.0,0.0,1.0
2024-04-09,1.0,1.0,12.0,12.0,1.0,1.0,0.0,1.0,0.0,31.0,31.0,23.0,8.0,0.7419354838709677,0.0,0.0,0.0,0.0,1.0
2024-04-10,1.0,1.0,12.0,12.0,1.0,1.0,0.0,1.0,0.0,31.0,31.0,24.0,7.0,0.7741935483870968,0.0,0.0,0.0,0.0,1.0
2024-04-11,1.0,1.0,12.0,12.0,1.0,1.0,0.0,1.0,0.0,31.0,31.0,25.0,6.0,0.8064516129032258,0.0,0.0,0.0,1.0,1.0
2024-04-12,1.0,1.0,12.0,12.0,1.0,1.0,0.0,1.0,0.0,31.0,31.0,26.0,5.0,0.8387096774193549,0.0,0.0,0.0,1.0,1.0
2024-04-13,1.0,1.0,12.0,12.0,1.0,1.0,0.0,1.0,0.0,31.0,31.0,27.0,4.0,0.8709677419354839,0.0,0.0,0.0,1.0,1.0
2024-04-14,1.0,1.0,12.0,12.0,1.0,1.0,0.0,1.0,0.0,31.0,31.0,28.0,3.0,0.9032258064516129,0.0,0.0,0.0,1.0,1.0
2024-04-15,1.0,1.0,12.0,12.0,1.0,1.0,0.0,1.0,0.0,31.0,31.0,29.0,2.0,0.9354838709677419,0.0,1.0,0.0,1.0,1.0
2024-04-16,1.0,1.0,12.0,12.0,1.0,1.0,0.0,1.0,0.0,31.0,31.0,30.0,1.0,0.967741935483871,0.0,1.0,0.0,1.0,1.0
2024-04-17,1.0,1.0,12.0,12.0,1.0,1.0,0.0,1.0,0.0,31.0,31.0,31.0,0.0,1.0,0.0,1.0,0.0,1.0,1.0
2024-04-18,0.0,0.0,0.0,0.0,0.0,0.0,0.0,0.0,0.0,0.0,0.0,0.0,0.0,0.0,0.0,0.0,0.0,0.0,0.0
2024-04-19,0.0,0.0,0.0,0.0,0.0,0.0,0.0,0.0,0.0,0.0,0.0,0.0,0.0,0.0,0.0,0.0,0.0,0.0,0.0
2024-04-20,0.0,0.0,0.0,0.0,0.0,0.0,0.0,0.0,0.0,0.0,0.0,0.0,0.0,0.0,0.0,0.0,0.0,0.0,0.0
2024-04-21,0.0,0.0,0.0,0.0,0.0,0.0,0.0,0.0,0.0,0.0,0.0,0.0,0.0,0.0,0.0,0.0,0.0,0.0,0.0
2024-04-22,0.0,0.0,0.0,0.0,0.0,0.0,0.0,0.0,0.0,0.0,0.0,0.0,0.0,0.0,0.0,0.0,0.0,0.0,0.0
2024-04-23,0.0,0.0,0.0,0.0,0.0,0.0,0.0,0.0,0.0,0.0,0.0,0.0,0.0,0.0,0.0,0.0,0.0,0.0,0.0
2024-04-24,0.0,0.0,0.0,0.0,0.0,0.0,0.0,0.0,0.0,0.0,0.0,0.0,0.0,0.0,0.0,0.0,0.0,0.0,0.0
2024-04-25,0.0,0.0,0.0,0.0,0.0,0.0,0.0,0.0,0.0,0.0,0.0,0.0,0.0,0.0,0.0,0.0,0.0,0.0,0.0
2024-04-26,0.0,0.0,0.0,0.0,0.0,0.0,0.0,0.0,0.0,0.0,0.0,0.0,0.0,0.0,0.0,0.0,0.0,0.0,0.0
2024-04-27,0.0,0.0,0.0,0.0,0.0,0.0,0.0,0.0,0.0,0.0,0.0,0.0,0.0,0.0,0.0,0.0,0.0,0.0,0.0
2024-04-28,0.0,0.0,0.0,0.0,0.0,0.0,0.0,0.0,0.0,0.0,0.0,0.0,0.0,0.0,0.0,0.0,0.0,0.0,0.0
2024-04-29,0.0,0.0,0.0,0.0,0.0,0.0,0.0,0.0,0.0,0.0,0.0,0.0,0.0,0.0,0.0,0.0,0.0,0.0,0.0
2024-04-30,0.0,0.0,0.0,0.0,0.0,0.0,0.0,0.0,0.0,0.0,0.0,0.0,0.0,0.0,0.0,0.0,0.0,0.0,0.0
2024-05-01,0.0,0.0,0.0,0.0,0.0,0.0,0.0,0.0,0.0,0.0,0.0,0.0,0.0,0.0,0.0,0.0,0.0,0.0,0.0
2024-05-02,0.0,0.0,0.0,0.0,0.0,0.0,0.0,0.0,0.0,0.0,0.0,0.0,0.0,0.0,0.0,0.0,0.0,0.0,0.0
2024-05-03,0.0,0.0,0.0,0.0,0.0,0.0,0.0,0.0,0.0,0.0,0.0,0.0,0.0,0.0,0.0,0.0,0.0,0.0,0.0
2024-05-04,0.0,0.0,0.0,0.0,0.0,0.0,0.0,0.0,0.0,0.0,0.0,0.0,0.0,0.0,0.0,0.0,0.0,0.0,0.0
2024-05-05,0.0,0.0,0.0,0.0,0.0,0.0,0.0,0.0,0.0,0.0,0.0,0.0,0.0,0.0,0.0,0.0,0.0,0.0,0.0
2024-05-06,0.0,0.0,0.0,0.0,0.0,0.0,0.0,0.0,0.0,0.0,0.0,0.0,0.0,0.0,0.0,0.0,0.0,0.0,0.0
2024-05-07,0.0,0.0,0.0,0.0,0.0,0.0,0.0,0.0,0.0,0.0,0.0,0.0,0.0,0.0,0.0,0.0,0.0,0.0,0.0
2024-05-08,0.0,0.0,0.0,0.0,0.0,0.0,0.0,0.0,0.0,0.0,0.0,0.0,0.0,0.0,0.0,0.0,0.0,0.0,0.0
2024-05-09,0.0,0.0,0.0,0.0,0.0,0.0,0.0,0.0,0.0,0.0,0.0,0.0,0.0,0.0,0.0,0.0,0.0,0.0,0.0
2024-05-10,0.0,0.0,0.0,0.0,0.0,0.0,0.0,0.0,0.0,0.0,0.0,0.0,0.0,0.0,0.0,0.0,0.0,0.0,0.0
2024-05-11,0.0,0.0,0.0,0.0,0.0,0.0,0.0,0.0,0.0,0.0,0.0,0.0,0.0,0.0,0.0,0.0,0.0,0.0,0.0
2024-05-12,0.0,0.0,0.0,0.0,0.0,0.0,0.0,0.0,0.0,0.0,0.0,0.0,0.0,0.0,0.0,0.0,0.0,0.0,0.0
2024-05-13,0.0,0.0,0.0,0.0,0.0,0.0,0.0,0.0,0.0,0.0,0.0,0.0,0.0,0.0,0.0,0.0,0.0,0.0,0.0
2024-05-14,0.0,0.0,0.0,0.0,0.0,0.0,0.0,0.0,0.0,0.0,0.0,0.0,0.0,0.0,0.0,0.0,0.0,0.0,0.0
2024-05-15,0.0,0.0,0.0,0.0,0.0,0.0,0.0,0.0,0.0,0.0,0.0,0.0,0.0,0.0,0.0,0.0,0.0,0.0,0.0
2024-05-16,0.0,0.0,0.0,0.0,0.0,0.0,0.0,0.0,0.0,0.0,0.0,0.0,0.0,0.0,0.0,0.0,0.0,0.0,0.0
2024-05-17,0.0,0.0,0.0,0.0,0.0,0.0,0.0,0.0,0.0,0.0,0.0,0.0,0.0,0.0,0.0,0.0,0.0,0.0,0.0
2024-05-18,0.0,0.0,0.0,0.0,0.0,0.0,0.0,0.0,0.0,0.0,0.0,0.0,0.0,0.0,0.0,0.0,0.0,0.0,0.0
2024-05-19,0.0,0.0,0.0,0.0,0.0,0.0,0.0,0.0,0.0,0.0,0.0,0.0,0.0,0.0,0.0,0.0,0.0,0.0,0.0
2024-05-20,0.0,0.0,0.0,0.0,0.0,0.0,0.0,0.0,0.0,0.0,0.0,0.0,0.0,0.0,0.0,0.0,0.0,0.0,0.0
2024-05-21,0.0,0.0,0.0,0.0,0.0,0.0,0.0,0.0,0.0,0.0,0.0,0.0,0.0,0.0,0.0,0.0,0.0,0.0,0.0
2024-05-22,0.0,0.0,0.0,0.0,0.0,0.0,0.0,0.0,0.0,0.0,0.0,0.0,0.0,0.0,0.0,0.0,0.0,0.0,0.0
2024-05-23,0.0,0.0,0.0,0.0,0.0,0.0,0.0,0.0,0.0,0.0,0.0,0.0,0.0,0.0,0.0,0.0,0.0,0.0,0.0
2024-05-24,0.0,0.0,0.0,0.0,0.0,0.0,0.0,0.0,0.0,0.0,0.0,0.0,0.0,0.0,0.0,0.0,0.0,0.0,0.0
2024-05-25,0.0,0.0,0.0,0.0,0.0,0.0,0.0,0.0,0.0,0.0,0.0,0.0,0.0,0.0,0.0,0.0,0.0,0.0,0.0
2024-05-26,0.0,0.0,0.0,0.0,0.0,0.0,0.0,0.0,0.0,0.0,0.0,0.0,0.0,0.0,0.0,0.0,0.0,0.0,0.0
2024-05-27,0.0,0.0,0.0,0.0,0.0,0.0,0.0,0.0,0.0,0.0,0.0,0.0,0.0,0.0,0.0,0.0,0.0,0.0,0.0
2024-05-28,0.0,0.0,0.0,0.0,0.0,0.0,0.0,0.0,0.0,0.0,0.0,0.0,0.0,0.0,0.0,0.0,0.0,0.0,0.0
2024-05-29,0.0,0.0,0.0,0.0,0.0,0.0,0.0,0.0,0.0,0.0,0.0,0.0,0.0,0.0,0.0,0.0,0.0,0.0,0.0
2024-05-30,0.0,0.0,0.0,0.0,0.0,0.0,0.0,0.0,0.0,0.0,0.0,0.0,0.0,0.0,0.0,0.0,0.0,0.0,0.0
2024-05-31,0.0,0.0,0.0,0.0,0.0,0.0,0.0,0.0,0.0,0.0,0.0,0.0,0.0,0.0,0.0,0.0,0.0,0.0,0.0
2024-06-01,0.0,0.0,0.0,0.0,0.0,0.0,0.0,0.0,0.0,0.0,0.0,0.0,0.0,0.0,0.0,0.0,0.0,0.0,0.0
2024-06-02,0.0,0.0,0.0,0.0,0.0,0.0,0.0,0.0,0.0,0.0,0.0,0.0,0.0,0.0,0.0,0.0,0.0,0.0,0.0
2024-06-03,0.0,0.0,0.0,0.0,0.0,0.0,0.0,0.0,0.0,0.0,0.0,0.0,0.0,0.0,0.0,0.0,0.0,0.0,0.0
2024-06-04,0.0,0.0,0.0,0.0,0.0,0.0,0.0,0.0,0.0,0.0,0.0,0.0,0.0,0.0,0.0,0.0,0.0,0.0,0.0
2024-06-05,0.0,0.0,0.0,0.0,0.0,0.0,0.0,0.0,0.0,0.0,0.0,0.0,0.0,0.0,0.0,0.0,0.0,0.0,0.0
2024-06-06,0.0,0.0,0.0,0.0,0.0,0.0,0.0,0.0,0.0,0.0,0.0,0.0,0.0,0.0,0.0,0.0,0.0,0.0,0.0
2024-06-07,0.0,0.0,0.0,0.0,0.0,0.0,0.0,0.0,0.0,0.0,0.0,0.0,0.0,0.0,0.0,0.0,0.0,0.0,0.0
2024-06-08,0.0,0.0,0.0,0.0,0.0,0.0,0.0,0.0,0.0,0.0,0.0,0.0,0.0,0.0,0.0,0.0,0.0,0.0,0.0
2024-06-09,0.0,0.0,0.0,0.0,0.0,0.0,0.0,0.0,0.0,0.0,0.0,0.0,0.0,0.0,0.0,0.0,0.0,0.0,0.0
2024-06-10,0.0,0.0,0.0,0.0,0.0,0.0,0.0,0.0,0.0,0.0,0.0,0.0,0.0,0.0,0.0,0.0,0.0,0.0,0.0
2024-06-11,0.0,0.0,0.0,0.0,0.0,0.0,0.0,0.0,0.0,0.0,0.0,0.0,0.0,0.0,0.0,0.0,0.0,0.0,0.0
2024-06-12,0.0,0.0,0.0,0.0,0.0,0.0,0.0,0.0,0.0,0.0,0.0,0.0,0.0,0.0,0.0,0.0,0.0,0.0,0.0
2024-06-13,0.0,0.0,0.0,0.0,0.0,0.0,0.0,0.0,0.0,0.0,0.0,0.0,0.0,0.0,0.0,0.0,0.0,0.0,0.0
2024-06-14,0.0,0.0,0.0,0.0,0.0,0.0,0.0,0.0,0.0,0.0,0.0,0.0,0.0,0.0,0.0,0.0,0.0,0.0,0.0
2024-06-15,0.0,0.0,0.0,0.0,0.0,0.0,0.0,0.0,0.0,0.0,0.0,0.0,0.0,0.0,0.0,0.0,0.0,0.0,0.0
2024-06-16,0.0,0.0,0.0,0.0,0.0,0.0,0.0,0.0,0.0,0.0,0.0,0.0,0.0,0.0,0.0,0.0,0.0,0.0,0.0
2024-06-17,0.0,0.0,0.0,0.0,0.0,0.0,0.0,0.0,0.0,0.0,0.0,0.0,0.0,0.0,0.0,0.0,0.0,0.0,0.0
2024-06-18,0.0,0.0,0.0,0.0,0.0,0.0,0.0,0.0,0.0,0.0,0.0,0.0,0.0,0.0,0.0,0.0,0.0,0.0,0.0
2024-06-19,0.0,0.0,0.0,0.0,0.0,0.0,0.0,0.0,0.0,0.0,0.0,0.0,0.0,0.0,0.0,0.0,0.0,0.0,0.0
2024-06-20,0.0,0.0,0.0,0.0,0.0,0.0,0.0,0.0,0.0,0.0,0.0,0.0,0.0,0.0,0.0,0.0,0.0,0.0,0.0
2024-06-21,0.0,0.0,0.0,0.0,0.0,0.0,0.0,0.0,0.0,0.0,0.0,0.0,0.0,0.0,0.0,0.0,0.0,0.0,0.0
2024-06-22,0.0,0.0,0.0,0.0,0.0,0.0,0.0,0.0,0.0,0.0,0.0,0.0,0.0,0.0,0.0,0.0,0.0,0.0,0.0
2024-06-23,1.0,1.0,18.0,18.0,0.0,0.0,0.0,1.0,0.0,30.0,30.0,1.0,29.0,0.03333333333333333,1.0,0.0,1.0,0.0,2.0
2024-06-24,1.0,1.0,18.0,18.0,0.0,0.0,0.0,1.0,0.0,30.0,30.0,2.0,28.0,0.06666666666666667,1.0,0.0,1.0,0.0,2.0
2024-06-25,1.0,1.0,18.0,18.0,0.0,0.0,0.0,1.0,0.0,30.0,30.0,3.0,27.0,0.1,1.0,0.0,1.0,0.0,2.0
2024-06-26,1.0,1.0,18.0,18.0,0.0,0.0,0.0,1.0,0.0,30.0,30.0,4.0,26.0,0.13333333333333333,0.0,0.0,1.0,0.0,2.0
2024-06-27,1.0,1.0,18.0,18.0,0.0,0.0,0.0,1.0,0.0,30.0,30.0,5.0,25.0,0.16666666666666666,0.0,0.0,1.0,0.0,2.0
2024-06-28,1.0,1.0,18.0,18.0,0.0,0.0,0.0,1.0,0.0,30.0,30.0,6.0,24.0,0.2,0.0,0.0,1.0,0.0,2.0
2024-06-29,1.0,1.0,18.0,18.0,0.0,0.0,0.0,1.0,0.0,30.0,30.0,7.0,23.0,0.23333333333333334,0.0,0.0,1.0,0.0,2.0
2024-06-30,1.0,1.0,18.0,18.0,0.0,0.0,0.0,1.0,0.0,30.0,30.0,8.0,22.0,0.26666666666666666,0.0,0.0,0.0,0.0,2.0
2024-07-01,1.0,1.0,18.0,18.0,0.0,0.0,0.0,1.0,0.0,30.0,30.0,9.0,21.0,0.3,0.0,0.0,0.0,0.0,2.0
